Bill_ID,Date,Product_Name,Quantity,Unit_Price,Total_Price,Bill_Total
1,2026-01-01,Finger_Ring,4,55.0,220.0,690.0
1,2026-01-01,Earrings,1,240.0,240.0,690.0
1,2026-01-01,Eyeliner,2,90.0,180.0,690.0
1,2026-01-01,Sindoor,1,35.0,35.0,690.0
1,2026-01-01,Bindi_Packets,1,15.0,15.0,690.0
2,2026-01-01,Eyeliner,4,85.0,340.0,1160.0
2,2026-01-01,Necklace,1,475.0,475.0,1160.0
2,2026-01-01,Finger_Ring,1,85.0,85.0,1160.0
2,2026-01-01,Hair_Pins,4,20.0,80.0,1160.0
2,2026-01-01,Earrings,2,85.0,170.0,1160.0
2,2026-01-01,Bindi_Packets,1,10.0,10.0,1160.0
3,2026-01-01,Hair_Pins,1,25.0,25.0,860.0
3,2026-01-01,Safety_Pins,1,20.0,20.0,860.0
3,2026-01-01,Safety_Pins,4,25.0,100.0,860.0
3,2026-01-01,Hair_Pins,1,25.0,25.0,860.0
3,2026-01-01,Pocket_Mirror,1,50.0,50.0,860.0
3,2026-01-01,Fancy_Chain,4,65.0,260.0,860.0
3,2026-01-01,Hair_Pins,4,15.0,60.0,860.0
3,2026-01-01,Bangles,2,130.0,260.0,860.0
3,2026-01-01,Safety_Pins,1,10.0,10.0,860.0
3,2026-01-01,Comb,1,40.0,40.0,860.0
3,2026-01-01,Hair_Pins,1,10.0,10.0,860.0
4,2026-01-02,Bangles,3,300.0,900.0,1265.0
4,2026-01-02,Hair_Clips,1,70.0,70.0,1265.0
4,2026-01-02,Hair_Pins,4,15.0,60.0,1265.0
4,2026-01-02,Finger_Ring,2,85.0,170.0,1265.0
4,2026-01-02,Bangles,1,50.0,50.0,1265.0
4,2026-01-02,Bindi_Packets,1,15.0,15.0,1265.0
5,2026-01-02,Earrings,4,120.0,480.0,650.0
5,2026-01-02,Earrings,1,120.0,120.0,650.0
5,2026-01-02,Pocket_Mirror,1,50.0,50.0,650.0
6,2026-01-02,Fancy_Chain,1,125.0,125.0,915.0
6,2026-01-02,Bindi_Packets,4,10.0,40.0,915.0
6,2026-01-02,Hair_Clips,1,70.0,70.0,915.0
6,2026-01-02,Comb,3,30.0,90.0,915.0
6,2026-01-02,Comb,3,50.0,150.0,915.0
6,2026-01-02,Hair_Pins,1,15.0,15.0,915.0
6,2026-01-02,Eyeliner,3,100.0,300.0,915.0
6,2026-01-02,Lipstick,1,95.0,95.0,915.0
6,2026-01-02,Sindoor,1,30.0,30.0,915.0
7,2026-01-02,Earrings,2,240.0,480.0,795.0
7,2026-01-02,Nail_Polish,3,50.0,150.0,795.0
7,2026-01-02,Comb,2,50.0,100.0,795.0
7,2026-01-02,Fancy_Chain,1,45.0,45.0,795.0
7,2026-01-02,Safety_Pins,2,10.0,20.0,795.0
8,2026-01-03,Earrings,4,155.0,620.0,1120.0
8,2026-01-03,Lipstick,4,100.0,400.0,1120.0
8,2026-01-03,Hair_Bands,2,20.0,40.0,1120.0
8,2026-01-03,Sindoor,1,35.0,35.0,1120.0
8,2026-01-03,Hair_Bands,1,25.0,25.0,1120.0
9,2026-01-03,Earrings,1,205.0,205.0,670.0
9,2026-01-03,Hair_Bands,1,40.0,40.0,670.0
9,2026-01-03,Kajal,3,70.0,210.0,670.0
9,2026-01-03,Comb,3,60.0,180.0,670.0
9,2026-01-03,Bindi_Packets,1,15.0,15.0,670.0
9,2026-01-03,Hair_Pins,2,10.0,20.0,670.0
10,2026-01-04,Bangles,1,90.0,90.0,910.0
10,2026-01-04,Safety_Pins,1,20.0,20.0,910.0
10,2026-01-04,Lipstick,1,80.0,80.0,910.0
10,2026-01-04,Eyeliner,3,95.0,285.0,910.0
10,2026-01-04,Finger_Ring,2,85.0,170.0,910.0
10,2026-01-04,Sindoor,3,25.0,75.0,910.0
10,2026-01-04,Hair_Clips,1,70.0,70.0,910.0
10,2026-01-04,Bangles,1,110.0,110.0,910.0
10,2026-01-04,Safety_Pins,1,10.0,10.0,910.0
11,2026-01-05,Lipstick,1,100.0,100.0,1005.0
11,2026-01-05,Sindoor,2,45.0,90.0,1005.0
11,2026-01-05,Bangles,1,400.0,400.0,1005.0
11,2026-01-05,Fancy_Chain,2,65.0,130.0,1005.0
11,2026-01-05,Sindoor,4,35.0,140.0,1005.0
11,2026-01-05,Bangles,1,110.0,110.0,1005.0
11,2026-01-05,Safety_Pins,1,25.0,25.0,1005.0
11,2026-01-05,Safety_Pins,1,10.0,10.0,1005.0
12,2026-01-05,Bangles_,1,450.0,450.0,630.0
12,2026-01-05,Hair_Clips,3,50.0,150.0,630.0
12,2026-01-05,Hair_Bands,1,30.0,30.0,630.0
13,2026-01-05,Eyeliner,2,95.0,190.0,600.0
13,2026-01-05,Bangles,1,400.0,400.0,600.0
13,2026-01-05,Safety_Pins,1,10.0,10.0,600.0
14,2026-01-05,Kajal,4,90.0,360.0,1235.0
14,2026-01-05,Necklace,1,525.0,525.0,1235.0
14,2026-01-05,Sindoor,1,30.0,30.0,1235.0
14,2026-01-05,Bangles,1,130.0,130.0,1235.0
14,2026-01-05,Earrings,1,190.0,190.0,1235.0
15,2026-01-05,Earrings,1,275.0,275.0,820.0
15,2026-01-05,Hair_Pins,3,25.0,75.0,820.0
15,2026-01-05,Pocket_Mirror,1,35.0,35.0,820.0
15,2026-01-05,Bangles,1,50.0,50.0,820.0
15,2026-01-05,Kajal,2,70.0,140.0,820.0
15,2026-01-05,Lipstick,1,90.0,90.0,820.0
15,2026-01-05,Hair_Pins,2,20.0,40.0,820.0
15,2026-01-05,Hair_Clips,1,80.0,80.0,820.0
15,2026-01-05,Safety_Pins,1,25.0,25.0,820.0
15,2026-01-05,Safety_Pins,1,10.0,10.0,820.0
16,2026-01-06,Earrings,4,240.0,960.0,1055.0
16,2026-01-06,Hair_Clips,2,40.0,80.0,1055.0
16,2026-01-06,Bindi_Packets,1,15.0,15.0,1055.0
17,2026-01-07,Hair_Pins,1,20.0,20.0,1275.0
17,2026-01-07,Nail_Polish,2,55.0,110.0,1275.0
17,2026-01-07,Hair_Clips,3,40.0,120.0,1275.0
17,2026-01-07,Hair_Bands,4,25.0,100.0,1275.0
17,2026-01-07,Hair_Bands,2,20.0,40.0,1275.0
17,2026-01-07,Fancy_Chain,2,125.0,250.0,1275.0
17,2026-01-07,Lipstick,3,95.0,285.0,1275.0
17,2026-01-07,Comb,2,20.0,40.0,1275.0
17,2026-01-07,Bangles,1,250.0,250.0,1275.0
17,2026-01-07,Nail_Polish,1,40.0,40.0,1275.0
17,2026-01-07,Comb,1,20.0,20.0,1275.0
18,2026-01-07,Nail_Polish,1,45.0,45.0,1245.0
18,2026-01-07,Hair_Clips,3,60.0,180.0,1245.0
18,2026-01-07,Earrings,2,240.0,480.0,1245.0
18,2026-01-07,Hair_Clips,2,40.0,80.0,1245.0
18,2026-01-07,Lipstick,2,80.0,160.0,1245.0
18,2026-01-07,Earrings,3,85.0,255.0,1245.0
18,2026-01-07,Safety_Pins,1,20.0,20.0,1245.0
18,2026-01-07,Hair_Pins,1,10.0,10.0,1245.0
18,2026-01-07,Bindi_Packets,1,15.0,15.0,1245.0
19,2026-01-07,Sindoor,4,30.0,120.0,1255.0
19,2026-01-07,Hair_Clips,1,70.0,70.0,1255.0
19,2026-01-07,Earrings_,1,170.0,170.0,1255.0
19,2026-01-07,Necklace,1,790.0,790.0,1255.0
19,2026-01-07,Lipstick,1,80.0,80.0,1255.0
19,2026-01-07,Safety_Pins,1,10.0,10.0,1255.0
19,2026-01-07,Bindi_Packets,1,15.0,15.0,1255.0
20,2026-01-08,Hair_Clips,3,80.0,240.0,1125.0
20,2026-01-08,Hair_Clips,1,80.0,80.0,1125.0
20,2026-01-08,Hair_Bands,3,25.0,75.0,1125.0
20,2026-01-08,Hair_Clips,3,60.0,180.0,1125.0
20,2026-01-08,Necklace,1,525.0,525.0,1125.0
20,2026-01-08,Bindi_Packets,1,15.0,15.0,1125.0
20,2026-01-08,Safety_Pins,1,10.0,10.0,1125.0
21,2026-01-10,Earrings_,3,170.0,510.0,965.0
21,2026-01-10,Hair_Bands,4,30.0,120.0,965.0
21,2026-01-10,Hair_Pins,1,30.0,30.0,965.0
21,2026-01-10,Bangles,3,90.0,270.0,965.0
21,2026-01-10,Hair_Pins,1,25.0,25.0,965.0
21,2026-01-10,Bindi_Packets,1,10.0,10.0,965.0
22,2026-01-10,Razor,4,100.0,400.0,1015.0
22,2026-01-10,Bindi_Packets,4,15.0,60.0,1015.0
22,2026-01-10,Fancy_Chain,1,105.0,105.0,1015.0
22,2026-01-10,Nail_Polish,3,40.0,120.0,1015.0
22,2026-01-10,Safety_Pins,3,10.0,30.0,1015.0
22,2026-01-10,Eyeliner,1,100.0,100.0,1015.0
22,2026-01-10,Hair_Pins,4,10.0,40.0,1015.0
22,2026-01-10,Razor,1,90.0,90.0,1015.0
22,2026-01-10,Bindi_Packets,2,10.0,20.0,1015.0
22,2026-01-10,Hair_Clips,1,50.0,50.0,1015.0
23,2026-01-10,Earrings,1,275.0,275.0,790.0
23,2026-01-10,Hair_Clips,1,80.0,80.0,790.0
23,2026-01-10,Sindoor,4,45.0,180.0,790.0
23,2026-01-10,Eyeliner,3,85.0,255.0,790.0
24,2026-01-12,Bangles,3,110.0,330.0,970.0
24,2026-01-12,Necklace,1,630.0,630.0,970.0
24,2026-01-12,Safety_Pins,1,10.0,10.0,970.0
25,2026-01-12,Fancy_Chain,2,65.0,130.0,925.0
25,2026-01-12,Razor,4,100.0,400.0,925.0
25,2026-01-12,Fancy_Chain,1,45.0,45.0,925.0
25,2026-01-12,Sindoor,1,30.0,30.0,925.0
25,2026-01-12,Bangles,1,300.0,300.0,925.0
25,2026-01-12,Safety_Pins,2,10.0,20.0,925.0
26,2026-01-12,Hair_Bands,2,30.0,60.0,870.0
26,2026-01-12,Eyeliner,4,80.0,320.0,870.0
26,2026-01-12,Fancy_Chain,1,45.0,45.0,870.0
26,2026-01-12,Hair_Bands,2,40.0,80.0,870.0
26,2026-01-12,Hair_Bands,1,35.0,35.0,870.0
26,2026-01-12,Earrings,2,85.0,170.0,870.0
26,2026-01-12,Hair_Clips,1,40.0,40.0,870.0
26,2026-01-12,Safety_Pins,4,10.0,40.0,870.0
26,2026-01-12,Hair_Clips,1,50.0,50.0,870.0
26,2026-01-12,Bindi_Packets,2,10.0,20.0,870.0
26,2026-01-12,Safety_Pins,1,10.0,10.0,870.0
27,2026-01-12,Eyeliner,1,95.0,95.0,1000.0
27,2026-01-12,Earrings,2,120.0,240.0,1000.0
27,2026-01-12,Razor,2,100.0,200.0,1000.0
27,2026-01-12,Sindoor,1,40.0,40.0,1000.0
27,2026-01-12,Comb,4,60.0,240.0,1000.0
27,2026-01-12,Lipstick,2,85.0,170.0,1000.0
27,2026-01-12,Bindi_Packets,1,15.0,15.0,1000.0
28,2026-01-12,Comb,3,20.0,60.0,870.0
28,2026-01-12,Bangles,2,400.0,800.0,870.0
28,2026-01-12,Bindi_Packets,1,10.0,10.0,870.0
29,2026-01-13,Bangles,2,110.0,220.0,740.0
29,2026-01-13,Sindoor,3,45.0,135.0,740.0
29,2026-01-13,Lipstick,3,90.0,270.0,740.0
29,2026-01-13,Finger_Ring,1,55.0,55.0,740.0
29,2026-01-13,Hair_Pins,3,15.0,45.0,740.0
29,2026-01-13,Bindi_Packets,1,15.0,15.0,740.0
30,2026-01-13,Safety_Pins,3,25.0,75.0,1010.0
30,2026-01-13,Finger_Ring,3,65.0,195.0,1010.0
30,2026-01-13,Fancy_Chain,1,85.0,85.0,1010.0
30,2026-01-13,Sindoor,4,45.0,180.0,1010.0
30,2026-01-13,Hair_Bands,4,25.0,100.0,1010.0
30,2026-01-13,Sindoor,2,25.0,50.0,1010.0
30,2026-01-13,Fancy_Chain,2,65.0,130.0,1010.0
30,2026-01-13,Fancy_Chain,1,105.0,105.0,1010.0
30,2026-01-13,Fancy_Chain,1,65.0,65.0,1010.0
30,2026-01-13,Safety_Pins,1,25.0,25.0,1010.0
31,2026-01-13,Hair_Bands,4,30.0,120.0,1345.0
31,2026-01-13,Bindi_Packets,1,10.0,10.0,1345.0
31,2026-01-13,Lipstick,4,80.0,320.0,1345.0
31,2026-01-13,Razor,3,100.0,300.0,1345.0
31,2026-01-13,Comb,3,50.0,150.0,1345.0
31,2026-01-13,Eyeliner,2,85.0,170.0,1345.0
31,2026-01-13,Finger_Ring,1,45.0,45.0,1345.0
31,2026-01-13,Earrings_,1,170.0,170.0,1345.0
31,2026-01-13,Hair_Bands,2,25.0,50.0,1345.0
31,2026-01-13,Hair_Pins,1,10.0,10.0,1345.0
32,2026-01-13,Bangles,3,130.0,390.0,645.0
32,2026-01-13,Sindoor,3,45.0,135.0,645.0
32,2026-01-13,Nail_Polish,2,60.0,120.0,645.0
33,2026-01-13,Lipstick,3,80.0,240.0,1210.0
33,2026-01-13,Bangles,2,400.0,800.0,1210.0
33,2026-01-13,Comb,2,30.0,60.0,1210.0
33,2026-01-13,Bindi_Packets,2,15.0,30.0,1210.0
33,2026-01-13,Nail_Polish,1,60.0,60.0,1210.0
33,2026-01-13,Safety_Pins,1,20.0,20.0,1210.0
34,2026-01-13,Bangles,1,400.0,400.0,875.0
34,2026-01-13,Hair_Clips,4,70.0,280.0,875.0
34,2026-01-13,Finger_Ring,3,65.0,195.0,875.0
35,2026-01-14,Comb,2,30.0,60.0,1080.0
35,2026-01-14,Earrings,2,85.0,170.0,1080.0
35,2026-01-14,Fancy_Chain,4,45.0,180.0,1080.0
35,2026-01-14,Fancy_Chain,1,105.0,105.0,1080.0
35,2026-01-14,Kajal,3,90.0,270.0,1080.0
35,2026-01-14,Pocket_Mirror,2,50.0,100.0,1080.0
35,2026-01-14,Sindoor,4,25.0,100.0,1080.0
35,2026-01-14,Hair_Clips,2,40.0,80.0,1080.0
35,2026-01-14,Bindi_Packets,1,15.0,15.0,1080.0
36,2026-01-15,Nail_Polish,3,40.0,120.0,1255.0
36,2026-01-15,Earrings,4,275.0,1100.0,1255.0
36,2026-01-15,Sindoor,1,25.0,25.0,1255.0
36,2026-01-15,Safety_Pins,1,10.0,10.0,1255.0
37,2026-01-15,Nail_Polish,1,50.0,50.0,850.0
37,2026-01-15,Eyeliner,2,100.0,200.0,850.0
37,2026-01-15,Finger_Ring,1,85.0,85.0,850.0
37,2026-01-15,Bangles,1,350.0,350.0,850.0
37,2026-01-15,Sindoor,4,30.0,120.0,850.0
37,2026-01-15,Hair_Pins,1,20.0,20.0,850.0
37,2026-01-15,Bindi_Packets,1,15.0,15.0,850.0
37,2026-01-15,Hair_Pins,1,10.0,10.0,850.0
38,2026-01-15,Sindoor,2,25.0,50.0,1240.0
38,2026-01-15,Pocket_Mirror,2,35.0,70.0,1240.0
38,2026-01-15,Bangles,2,50.0,100.0,1240.0
38,2026-01-15,Hair_Clips,1,70.0,70.0,1240.0
38,2026-01-15,Fancy_Chain,1,45.0,45.0,1240.0
38,2026-01-15,Hair_Bands,3,35.0,105.0,1240.0
38,2026-01-15,Lipstick,4,85.0,340.0,1240.0
38,2026-01-15,Comb,1,40.0,40.0,1240.0
38,2026-01-15,Bangles,3,70.0,210.0,1240.0
38,2026-01-15,Nail_Polish,1,60.0,60.0,1240.0
38,2026-01-15,Bangles,3,50.0,150.0,1240.0
39,2026-01-15,Bangles,3,70.0,210.0,1150.0
39,2026-01-15,Bangles,3,50.0,150.0,1150.0
39,2026-01-15,Nail_Polish,1,50.0,50.0,1150.0
39,2026-01-15,Kajal,3,70.0,210.0,1150.0
39,2026-01-15,Comb,2,40.0,80.0,1150.0
39,2026-01-15,Safety_Pins,4,20.0,80.0,1150.0
39,2026-01-15,Sindoor,3,30.0,90.0,1150.0
39,2026-01-15,Lipstick,2,100.0,200.0,1150.0
39,2026-01-15,Lipstick,1,80.0,80.0,1150.0
40,2026-01-15,Hair_Bands,2,40.0,80.0,1155.0
40,2026-01-15,Earrings,4,50.0,200.0,1155.0
40,2026-01-15,Hair_Clips,3,40.0,120.0,1155.0
40,2026-01-15,Lipstick,3,85.0,255.0,1155.0
40,2026-01-15,Nail_Polish,4,60.0,240.0,1155.0
40,2026-01-15,Lipstick,1,90.0,90.0,1155.0
40,2026-01-15,Safety_Pins,3,10.0,30.0,1155.0
40,2026-01-15,Kajal,1,90.0,90.0,1155.0
40,2026-01-15,Nail_Polish,1,50.0,50.0,1155.0
41,2026-01-15,Bangles,2,300.0,600.0,1055.0
41,2026-01-15,Earrings,1,240.0,240.0,1055.0
41,2026-01-15,Sindoor,3,40.0,120.0,1055.0
41,2026-01-15,Pocket_Mirror,1,75.0,75.0,1055.0
41,2026-01-15,Comb,1,20.0,20.0,1055.0
42,2026-01-16,Kajal,1,90.0,90.0,670.0
42,2026-01-16,Finger_Ring,2,55.0,110.0,670.0
42,2026-01-16,Fancy_Chain,1,65.0,65.0,670.0
42,2026-01-16,Pocket_Mirror,3,35.0,105.0,670.0
42,2026-01-16,Eyeliner,1,80.0,80.0,670.0
42,2026-01-16,Earrings,1,50.0,50.0,670.0
42,2026-01-16,Lipstick,1,90.0,90.0,670.0
42,2026-01-16,Pocket_Mirror,1,35.0,35.0,670.0
42,2026-01-16,Comb,1,30.0,30.0,670.0
42,2026-01-16,Hair_Pins,1,15.0,15.0,670.0
43,2026-01-16,Comb,2,40.0,80.0,1075.0
43,2026-01-16,Pocket_Mirror,2,75.0,150.0,1075.0
43,2026-01-16,Kajal,2,70.0,140.0,1075.0
43,2026-01-16,Earrings,2,50.0,100.0,1075.0
43,2026-01-16,Hair_Pins,2,30.0,60.0,1075.0
43,2026-01-16,Sindoor,3,35.0,105.0,1075.0
43,2026-01-16,Hair_Pins,4,30.0,120.0,1075.0
43,2026-01-16,Bangles,1,250.0,250.0,1075.0
43,2026-01-16,Nail_Polish,1,50.0,50.0,1075.0
43,2026-01-16,Comb,1,20.0,20.0,1075.0
44,2026-01-17,Nail_Polish,2,50.0,100.0,700.0
44,2026-01-17,Finger_Ring,2,65.0,130.0,700.0
44,2026-01-17,Bangles,3,70.0,210.0,700.0
44,2026-01-17,Hair_Clips,1,80.0,80.0,700.0
44,2026-01-17,Sindoor,4,25.0,100.0,700.0
44,2026-01-17,Nail_Polish,1,45.0,45.0,700.0
44,2026-01-17,Hair_Pins,1,15.0,15.0,700.0
44,2026-01-17,Safety_Pins,1,10.0,10.0,700.0
44,2026-01-17,Hair_Pins,1,10.0,10.0,700.0
45,2026-01-17,Bindi_Packets,3,15.0,45.0,715.0
45,2026-01-17,Fancy_Chain,2,125.0,250.0,715.0
45,2026-01-17,Sindoor,3,35.0,105.0,715.0
45,2026-01-17,Nail_Polish,1,60.0,60.0,715.0
45,2026-01-17,Bangles,1,130.0,130.0,715.0
45,2026-01-17,Lipstick,1,90.0,90.0,715.0
45,2026-01-17,Bindi_Packets,1,15.0,15.0,715.0
45,2026-01-17,Hair_Pins,1,20.0,20.0,715.0
46,2026-01-17,Necklace,1,450.0,450.0,630.0
46,2026-01-17,Nail_Polish,2,40.0,80.0,630.0
46,2026-01-17,Hair_Pins,4,10.0,40.0,630.0
46,2026-01-17,Bindi_Packets,1,15.0,15.0,630.0
46,2026-01-17,Nail_Polish,1,45.0,45.0,630.0
47,2026-01-18,Lipstick,3,95.0,285.0,745.0
47,2026-01-18,Pocket_Mirror,3,35.0,105.0,745.0
47,2026-01-18,Hair_Pins,3,10.0,30.0,745.0
47,2026-01-18,Earrings,1,240.0,240.0,745.0
47,2026-01-18,Hair_Bands,2,30.0,60.0,745.0
47,2026-01-18,Sindoor,1,25.0,25.0,745.0
48,2026-01-18,Eyeliner,1,80.0,80.0,1205.0
48,2026-01-18,Pocket_Mirror,1,35.0,35.0,1205.0
48,2026-01-18,Bangles,4,110.0,440.0,1205.0
48,2026-01-18,Fancy_Chain,1,85.0,85.0,1205.0
48,2026-01-18,Necklace,1,525.0,525.0,1205.0
48,2026-01-18,Finger_Ring,1,40.0,40.0,1205.0
49,2026-01-19,Hair_Bands,1,20.0,20.0,1105.0
49,2026-01-19,Nail_Polish,4,60.0,240.0,1105.0
49,2026-01-19,Eyeliner,2,95.0,190.0,1105.0
49,2026-01-19,Necklace,1,450.0,450.0,1105.0
49,2026-01-19,Razor,1,90.0,90.0,1105.0
49,2026-01-19,Fancy_Chain,1,105.0,105.0,1105.0
49,2026-01-19,Bindi_Packets,1,10.0,10.0,1105.0
50,2026-01-20,Comb,1,60.0,60.0,1135.0
50,2026-01-20,Necklace,2,475.0,950.0,1135.0
50,2026-01-20,Finger_Ring,1,85.0,85.0,1135.0
50,2026-01-20,Finger_Ring,1,40.0,40.0,1135.0
51,2026-01-20,Hair_Bands,1,35.0,35.0,815.0
51,2026-01-20,Nail_Polish,1,40.0,40.0,815.0
51,2026-01-20,Hair_Bands,4,20.0,80.0,815.0
51,2026-01-20,Hair_Clips,1,70.0,70.0,815.0
51,2026-01-20,Lipstick,4,85.0,340.0,815.0
51,2026-01-20,Bangles,1,90.0,90.0,815.0
51,2026-01-20,Sindoor,4,25.0,100.0,815.0
51,2026-01-20,Comb,2,20.0,40.0,815.0
51,2026-01-20,Hair_Pins,2,10.0,20.0,815.0
52,2026-01-20,Fancy_Chain,3,65.0,195.0,600.0
52,2026-01-20,Eyeliner,3,85.0,255.0,600.0
52,2026-01-20,Kajal,1,70.0,70.0,600.0
52,2026-01-20,Nail_Polish,1,60.0,60.0,600.0
52,2026-01-20,Hair_Pins,1,20.0,20.0,600.0
53,2026-01-21,Hair_Bands,3,25.0,75.0,1040.0
53,2026-01-21,Finger_Ring,3,45.0,135.0,1040.0
53,2026-01-21,Lipstick,4,85.0,340.0,1040.0
53,2026-01-21,Lipstick,4,90.0,360.0,1040.0
53,2026-01-21,Safety_Pins,3,10.0,30.0,1040.0
53,2026-01-21,Bindi_Packets,3,15.0,45.0,1040.0
53,2026-01-21,Hair_Pins,1,25.0,25.0,1040.0
53,2026-01-21,Hair_Pins,1,20.0,20.0,1040.0
53,2026-01-21,Hair_Pins,1,10.0,10.0,1040.0
54,2026-01-22,Earrings,2,275.0,550.0,890.0
54,2026-01-22,Bangles,3,90.0,270.0,890.0
54,2026-01-22,Hair_Pins,1,10.0,10.0,890.0
54,2026-01-22,Hair_Pins,1,30.0,30.0,890.0
54,2026-01-22,Bindi_Packets,2,15.0,30.0,890.0
55,2026-01-23,Hair_Bands,2,25.0,50.0,640.0
55,2026-01-23,Fancy_Chain,3,65.0,195.0,640.0
55,2026-01-23,Sindoor,2,25.0,50.0,640.0
55,2026-01-23,Earrings,2,155.0,310.0,640.0
55,2026-01-23,Safety_Pins,1,20.0,20.0,640.0
55,2026-01-23,Bindi_Packets,1,15.0,15.0,640.0
56,2026-01-24,Hair_Pins,4,25.0,100.0,885.0
56,2026-01-24,Bangles,2,250.0,500.0,885.0
56,2026-01-24,Hair_Clips,3,60.0,180.0,885.0
56,2026-01-24,Hair_Bands,2,20.0,40.0,885.0
56,2026-01-24,Hair_Pins,1,30.0,30.0,885.0
56,2026-01-24,Safety_Pins,1,25.0,25.0,885.0
56,2026-01-24,Safety_Pins,1,10.0,10.0,885.0
57,2026-01-24,Bangles,4,50.0,200.0,830.0
57,2026-01-24,Safety_Pins,1,10.0,10.0,830.0
57,2026-01-24,Sindoor,4,35.0,140.0,830.0
57,2026-01-24,Razor,2,90.0,180.0,830.0
57,2026-01-24,Eyeliner,3,90.0,270.0,830.0
57,2026-01-24,Bindi_Packets,1,15.0,15.0,830.0
57,2026-01-24,Bindi_Packets,1,15.0,15.0,830.0
58,2026-01-24,Razor,1,100.0,100.0,1090.0
58,2026-01-24,Necklace,2,475.0,950.0,1090.0
58,2026-01-24,Hair_Bands,1,20.0,20.0,1090.0
58,2026-01-24,Comb,1,20.0,20.0,1090.0
59,2026-01-25,Sindoor,1,35.0,35.0,1185.0
59,2026-01-25,Bangles,1,110.0,110.0,1185.0
59,2026-01-25,Sindoor,3,35.0,105.0,1185.0
59,2026-01-25,Safety_Pins,1,25.0,25.0,1185.0
59,2026-01-25,Nail_Polish,1,50.0,50.0,1185.0
59,2026-01-25,Bangles,4,130.0,520.0,1185.0
59,2026-01-25,Lipstick,3,95.0,285.0,1185.0
59,2026-01-25,Finger_Ring,1,55.0,55.0,1185.0
60,2026-01-26,Kajal,3,70.0,210.0,1130.0
60,2026-01-26,Bindi_Packets,1,15.0,15.0,1130.0
60,2026-01-26,Comb,2,60.0,120.0,1130.0
60,2026-01-26,Eyeliner,1,95.0,95.0,1130.0
60,2026-01-26,Hair_Bands,2,30.0,60.0,1130.0
60,2026-01-26,Earrings,2,190.0,380.0,1130.0
60,2026-01-26,Eyeliner,2,90.0,180.0,1130.0
60,2026-01-26,Earrings,1,50.0,50.0,1130.0
60,2026-01-26,Bindi_Packets,2,10.0,20.0,1130.0
61,2026-01-26,Bangles,1,400.0,400.0,820.0
61,2026-01-26,Earrings,2,205.0,410.0,820.0
61,2026-01-26,Safety_Pins,1,10.0,10.0,820.0
62,2026-01-26,Eyeliner,3,100.0,300.0,665.0
62,2026-01-26,Nail_Polish,4,55.0,220.0,665.0
62,2026-01-26,Eyeliner,1,85.0,85.0,665.0
62,2026-01-26,Hair_Clips,1,40.0,40.0,665.0
62,2026-01-26,Hair_Pins,1,20.0,20.0,665.0
63,2026-01-27,Fancy_Chain,2,45.0,90.0,910.0
63,2026-01-27,Necklace,1,450.0,450.0,910.0
63,2026-01-27,Hair_Clips,3,40.0,120.0,910.0
63,2026-01-27,Hair_Clips,3,80.0,240.0,910.0
63,2026-01-27,Safety_Pins,1,10.0,10.0,910.0
64,2026-01-28,Fancy_Chain,4,105.0,420.0,1245.0
64,2026-01-28,Earrings,4,85.0,340.0,1245.0
64,2026-01-28,Comb,4,20.0,80.0,1245.0
64,2026-01-28,Earrings_,1,170.0,170.0,1245.0
64,2026-01-28,Pocket_Mirror,4,50.0,200.0,1245.0
64,2026-01-28,Hair_Bands,1,20.0,20.0,1245.0
64,2026-01-28,Bindi_Packets,1,15.0,15.0,1245.0
65,2026-01-28,Hair_Pins,4,15.0,60.0,1235.0
65,2026-01-28,Nail_Polish,3,45.0,135.0,1235.0
65,2026-01-28,Fancy_Chain,4,65.0,260.0,1235.0
65,2026-01-28,Sindoor,1,25.0,25.0,1235.0
65,2026-01-28,Pocket_Mirror,3,35.0,105.0,1235.0
65,2026-01-28,Kajal,2,70.0,140.0,1235.0
65,2026-01-28,Comb,3,40.0,120.0,1235.0
65,2026-01-28,Sindoor,1,30.0,30.0,1235.0
65,2026-01-28,Hair_Bands,3,40.0,120.0,1235.0
65,2026-01-28,Hair_Clips,3,80.0,240.0,1235.0
66,2026-01-28,Nail_Polish,4,60.0,240.0,1130.0
66,2026-01-28,Bangles,1,400.0,400.0,1130.0
66,2026-01-28,Finger_Ring,2,40.0,80.0,1130.0
66,2026-01-28,Earrings,1,155.0,155.0,1130.0
66,2026-01-28,Finger_Ring,1,55.0,55.0,1130.0
66,2026-01-28,Comb,1,50.0,50.0,1130.0
66,2026-01-28,Razor,1,100.0,100.0,1130.0
66,2026-01-28,Pocket_Mirror,1,50.0,50.0,1130.0
67,2026-01-28,Earrings,4,120.0,480.0,730.0
67,2026-01-28,Nail_Polish,1,55.0,55.0,730.0
67,2026-01-28,Fancy_Chain,1,105.0,105.0,730.0
67,2026-01-28,Bangles,1,90.0,90.0,730.0
68,2026-01-29,Necklace,1,790.0,790.0,945.0
68,2026-01-29,Hair_Bands,3,35.0,105.0,945.0
68,2026-01-29,Safety_Pins,2,25.0,50.0,945.0
69,2026-01-29,Hair_Clips,1,60.0,60.0,1215.0
69,2026-01-29,Hair_Clips,4,40.0,160.0,1215.0
69,2026-01-29,Safety_Pins,4,20.0,80.0,1215.0
69,2026-01-29,Hair_Clips,4,50.0,200.0,1215.0
69,2026-01-29,Fancy_Chain,3,105.0,315.0,1215.0
69,2026-01-29,Finger_Ring,3,45.0,135.0,1215.0
69,2026-01-29,Hair_Clips,1,40.0,40.0,1215.0
69,2026-01-29,Fancy_Chain,1,85.0,85.0,1215.0
69,2026-01-29,Finger_Ring,1,65.0,65.0,1215.0
69,2026-01-29,Safety_Pins,3,20.0,60.0,1215.0
69,2026-01-29,Bindi_Packets,1,15.0,15.0,1215.0
70,2026-01-29,Fancy_Chain,3,85.0,255.0,985.0
70,2026-01-29,Bangles,3,110.0,330.0,985.0
70,2026-01-29,Safety_Pins,4,25.0,100.0,985.0
70,2026-01-29,Hair_Pins,3,10.0,30.0,985.0
70,2026-01-29,Lipstick,3,85.0,255.0,985.0
70,2026-01-29,Bindi_Packets,1,15.0,15.0,985.0
71,2026-01-30,Fancy_Chain,1,125.0,125.0,1020.0
71,2026-01-30,Hair_Clips,2,70.0,140.0,1020.0
71,2026-01-30,Bindi_Packets,2,15.0,30.0,1020.0
71,2026-01-30,Sindoor,3,35.0,105.0,1020.0
71,2026-01-30,Bangles,1,350.0,350.0,1020.0
71,2026-01-30,Pocket_Mirror,2,50.0,100.0,1020.0
71,2026-01-30,Hair_Pins,2,10.0,20.0,1020.0
71,2026-01-30,Kajal,1,90.0,90.0,1020.0
71,2026-01-30,Sindoor,1,40.0,40.0,1020.0
71,2026-01-30,Bindi_Packets,1,10.0,10.0,1020.0
71,2026-01-30,Bindi_Packets,1,10.0,10.0,1020.0
72,2026-01-30,Sindoor,2,40.0,80.0,855.0
72,2026-01-30,Necklace,1,475.0,475.0,855.0
72,2026-01-30,Sindoor,3,30.0,90.0,855.0
72,2026-01-30,Lipstick,2,100.0,200.0,855.0
72,2026-01-30,Bindi_Packets,1,10.0,10.0,855.0
73,2026-02-01,Earrings,3,155.0,465.0,795.0
73,2026-02-01,Safety_Pins,1,10.0,10.0,795.0
73,2026-02-01,Earrings,2,120.0,240.0,795.0
73,2026-02-01,Bangles,1,50.0,50.0,795.0
73,2026-02-01,Safety_Pins,2,10.0,20.0,795.0
73,2026-02-01,Bindi_Packets,1,10.0,10.0,795.0
74,2026-02-01,Bangles,3,250.0,750.0,920.0
74,2026-02-01,Comb,2,20.0,40.0,920.0
74,2026-02-01,Hair_Bands,3,30.0,90.0,920.0
74,2026-02-01,Hair_Bands,1,25.0,25.0,920.0
74,2026-02-01,Hair_Pins,1,15.0,15.0,920.0
75,2026-02-01,Nail_Polish,2,60.0,120.0,1185.0
75,2026-02-01,Nail_Polish,1,50.0,50.0,1185.0
75,2026-02-01,Nail_Polish,4,40.0,160.0,1185.0
75,2026-02-01,Bindi_Packets,4,15.0,60.0,1185.0
75,2026-02-01,Finger_Ring,4,45.0,180.0,1185.0
75,2026-02-01,Hair_Clips,3,60.0,180.0,1185.0
75,2026-02-01,Earrings_,2,170.0,340.0,1185.0
75,2026-02-01,Hair_Bands,2,25.0,50.0,1185.0
75,2026-02-01,Hair_Bands,1,35.0,35.0,1185.0
75,2026-02-01,Safety_Pins,1,10.0,10.0,1185.0
76,2026-02-01,Pocket_Mirror,1,75.0,75.0,1085.0
76,2026-02-01,Necklace,1,630.0,630.0,1085.0
76,2026-02-01,Lipstick,2,85.0,170.0,1085.0
76,2026-02-01,Hair_Bands,1,30.0,30.0,1085.0
76,2026-02-01,Hair_Bands,1,35.0,35.0,1085.0
76,2026-02-01,Finger_Ring,2,65.0,130.0,1085.0
76,2026-02-01,Bindi_Packets,1,15.0,15.0,1085.0
77,2026-02-01,Earrings,3,50.0,150.0,765.0
77,2026-02-01,Nail_Polish,4,50.0,200.0,765.0
77,2026-02-01,Fancy_Chain,3,65.0,195.0,765.0
77,2026-02-01,Earrings_,1,170.0,170.0,765.0
77,2026-02-01,Safety_Pins,2,20.0,40.0,765.0
77,2026-02-01,Bindi_Packets,1,10.0,10.0,765.0
78,2026-02-02,Razor,1,90.0,90.0,1330.0
78,2026-02-02,Nail_Polish,3,45.0,135.0,1330.0
78,2026-02-02,Hair_Bands,1,25.0,25.0,1330.0
78,2026-02-02,Hair_Bands,2,25.0,50.0,1330.0
78,2026-02-02,Earrings,1,240.0,240.0,1330.0
78,2026-02-02,Bangles,1,70.0,70.0,1330.0
78,2026-02-02,Bangles,1,70.0,70.0,1330.0
78,2026-02-02,Hair_Clips,1,80.0,80.0,1330.0
78,2026-02-02,Hair_Bands,3,30.0,90.0,1330.0
78,2026-02-02,Kajal,3,90.0,270.0,1330.0
78,2026-02-02,Hair_Clips,1,70.0,70.0,1330.0
78,2026-02-02,Bangles,1,90.0,90.0,1330.0
78,2026-02-02,Hair_Clips,1,50.0,50.0,1330.0
79,2026-02-02,Comb,3,60.0,180.0,1240.0
79,2026-02-02,Lipstick,3,95.0,285.0,1240.0
79,2026-02-02,Bangles,2,350.0,700.0,1240.0
79,2026-02-02,Bangles,1,50.0,50.0,1240.0
79,2026-02-02,Bindi_Packets,1,15.0,15.0,1240.0
79,2026-02-02,Hair_Pins,1,10.0,10.0,1240.0
80,2026-02-05,Fancy_Chain,4,105.0,420.0,915.0
80,2026-02-05,Earrings,1,50.0,50.0,915.0
80,2026-02-05,Eyeliner,4,80.0,320.0,915.0
80,2026-02-05,Hair_Bands,3,20.0,60.0,915.0
80,2026-02-05,Safety_Pins,2,25.0,50.0,915.0
80,2026-02-05,Bindi_Packets,1,15.0,15.0,915.0
81,2026-02-05,Bindi_Packets,1,10.0,10.0,1095.0
81,2026-02-05,Bindi_Packets,4,15.0,60.0,1095.0
81,2026-02-05,Earrings,2,120.0,240.0,1095.0
81,2026-02-05,Finger_Ring,4,55.0,220.0,1095.0
81,2026-02-05,Earrings,1,120.0,120.0,1095.0
81,2026-02-05,Razor,1,100.0,100.0,1095.0
81,2026-02-05,Sindoor,3,30.0,90.0,1095.0
81,2026-02-05,Eyeliner,2,85.0,170.0,1095.0
81,2026-02-05,Lipstick,1,85.0,85.0,1095.0
82,2026-02-07,Safety_Pins,4,10.0,40.0,870.0
82,2026-02-07,Earrings,2,120.0,240.0,870.0
82,2026-02-07,Comb,4,60.0,240.0,870.0
82,2026-02-07,Nail_Polish,1,50.0,50.0,870.0
82,2026-02-07,Hair_Clips,2,60.0,120.0,870.0
82,2026-02-07,Bangles,1,110.0,110.0,870.0
82,2026-02-07,Sindoor,1,35.0,35.0,870.0
82,2026-02-07,Pocket_Mirror,1,35.0,35.0,870.0
83,2026-02-07,Hair_Pins,4,10.0,40.0,645.0
83,2026-02-07,Sindoor,1,45.0,45.0,645.0
83,2026-02-07,Necklace,1,475.0,475.0,645.0
83,2026-02-07,Hair_Bands,1,20.0,20.0,645.0
83,2026-02-07,Nail_Polish,1,50.0,50.0,645.0
83,2026-02-07,Bindi_Packets,1,15.0,15.0,645.0
84,2026-02-07,Sindoor,2,30.0,60.0,1140.0
84,2026-02-07,Earrings,4,120.0,480.0,1140.0
84,2026-02-07,Earrings,1,190.0,190.0,1140.0
84,2026-02-07,Fancy_Chain,2,85.0,170.0,1140.0
84,2026-02-07,Finger_Ring,1,55.0,55.0,1140.0
84,2026-02-07,Bangles,2,50.0,100.0,1140.0
84,2026-02-07,Hair_Pins,4,10.0,40.0,1140.0
84,2026-02-07,Finger_Ring,1,45.0,45.0,1140.0
85,2026-02-09,Earrings,1,240.0,240.0,820.0
85,2026-02-09,Sindoor,2,25.0,50.0,820.0
85,2026-02-09,Bindi_Packets,2,15.0,30.0,820.0
85,2026-02-09,Comb,4,20.0,80.0,820.0
85,2026-02-09,Lipstick,3,100.0,300.0,820.0
85,2026-02-09,Razor,1,100.0,100.0,820.0
85,2026-02-09,Bindi_Packets,1,10.0,10.0,820.0
85,2026-02-09,Safety_Pins,1,10.0,10.0,820.0
86,2026-02-09,Bangles,4,70.0,280.0,905.0
86,2026-02-09,Kajal,1,90.0,90.0,905.0
86,2026-02-09,Nail_Polish,3,55.0,165.0,905.0
86,2026-02-09,Bindi_Packets,1,15.0,15.0,905.0
86,2026-02-09,Earrings,1,205.0,205.0,905.0
86,2026-02-09,Hair_Clips,2,70.0,140.0,905.0
86,2026-02-09,Hair_Pins,1,10.0,10.0,905.0
87,2026-02-09,Safety_Pins,3,20.0,60.0,1215.0
87,2026-02-09,Finger_Ring,1,85.0,85.0,1215.0
87,2026-02-09,Hair_Pins,4,30.0,120.0,1215.0
87,2026-02-09,Hair_Clips,1,50.0,50.0,1215.0
87,2026-02-09,Earrings,4,205.0,820.0,1215.0
87,2026-02-09,Hair_Pins,1,15.0,15.0,1215.0
87,2026-02-09,Comb,1,20.0,20.0,1215.0
87,2026-02-09,Sindoor,1,35.0,35.0,1215.0
87,2026-02-09,Safety_Pins,1,10.0,10.0,1215.0
88,2026-02-10,Lipstick,3,90.0,270.0,1380.0
88,2026-02-10,Comb,4,60.0,240.0,1380.0
88,2026-02-10,Bindi_Packets,4,15.0,60.0,1380.0
88,2026-02-10,Sindoor,2,40.0,80.0,1380.0
88,2026-02-10,Earrings,2,240.0,480.0,1380.0
88,2026-02-10,Comb,4,30.0,120.0,1380.0
88,2026-02-10,Hair_Pins,2,25.0,50.0,1380.0
88,2026-02-10,Safety_Pins,2,25.0,50.0,1380.0
88,2026-02-10,Comb,1,20.0,20.0,1380.0
88,2026-02-10,Bindi_Packets,1,10.0,10.0,1380.0
89,2026-02-10,Bangles,4,250.0,1000.0,1000.0
90,2026-02-10,Bindi_Packets,3,15.0,45.0,785.0
90,2026-02-10,Kajal,2,70.0,140.0,785.0
90,2026-02-10,Fancy_Chain,1,125.0,125.0,785.0
90,2026-02-10,Eyeliner,4,95.0,380.0,785.0
90,2026-02-10,Hair_Clips,1,60.0,60.0,785.0
90,2026-02-10,Hair_Pins,1,20.0,20.0,785.0
90,2026-02-10,Bindi_Packets,1,15.0,15.0,785.0
91,2026-02-10,Bangles,2,300.0,600.0,1200.0
91,2026-02-10,Eyeliner,2,95.0,190.0,1200.0
91,2026-02-10,Hair_Bands,3,20.0,60.0,1200.0
91,2026-02-10,Safety_Pins,1,25.0,25.0,1200.0
91,2026-02-10,Pocket_Mirror,4,50.0,200.0,1200.0
91,2026-02-10,Comb,4,20.0,80.0,1200.0
91,2026-02-10,Bindi_Packets,3,15.0,45.0,1200.0
92,2026-02-10,Necklace,1,450.0,450.0,640.0
92,2026-02-10,Nail_Polish,1,50.0,50.0,640.0
92,2026-02-10,Hair_Pins,3,30.0,90.0,640.0
92,2026-02-10,Earrings,1,50.0,50.0,640.0
93,2026-02-10,Hair_Pins,3,15.0,45.0,1280.0
93,2026-02-10,Hair_Clips,3,40.0,120.0,1280.0
93,2026-02-10,Hair_Pins,2,25.0,50.0,1280.0
93,2026-02-10,Hair_Bands,3,25.0,75.0,1280.0
93,2026-02-10,Necklace,1,475.0,475.0,1280.0
93,2026-02-10,Finger_Ring,2,85.0,170.0,1280.0
93,2026-02-10,Earrings,1,50.0,50.0,1280.0
93,2026-02-10,Sindoor,2,45.0,90.0,1280.0
93,2026-02-10,Sindoor,2,45.0,90.0,1280.0
93,2026-02-10,Comb,1,60.0,60.0,1280.0
93,2026-02-10,Bindi_Packets,1,15.0,15.0,1280.0
93,2026-02-10,Hair_Pins,1,25.0,25.0,1280.0
93,2026-02-10,Hair_Pins,1,15.0,15.0,1280.0
94,2026-02-11,Bangles,2,300.0,600.0,655.0
94,2026-02-11,Nail_Polish,1,55.0,55.0,655.0
95,2026-02-11,Sindoor,2,25.0,50.0,1000.0
95,2026-02-11,Hair_Clips,2,80.0,160.0,1000.0
95,2026-02-11,Finger_Ring,3,40.0,120.0,1000.0
95,2026-02-11,Hair_Pins,2,20.0,40.0,1000.0
95,2026-02-11,Bangles,4,90.0,360.0,1000.0
95,2026-02-11,Bindi_Packets,4,15.0,60.0,1000.0
95,2026-02-11,Earrings,1,190.0,190.0,1000.0
95,2026-02-11,Safety_Pins,1,20.0,20.0,1000.0
96,2026-02-11,Hair_Clips,2,40.0,80.0,1305.0
96,2026-02-11,Sindoor,2,45.0,90.0,1305.0
96,2026-02-11,Earrings,4,240.0,960.0,1305.0
96,2026-02-11,Hair_Pins,2,30.0,60.0,1305.0
96,2026-02-11,Kajal,1,70.0,70.0,1305.0
96,2026-02-11,Hair_Pins,1,20.0,20.0,1305.0
96,2026-02-11,Hair_Pins,1,25.0,25.0,1305.0
97,2026-02-11,Nail_Polish,1,50.0,50.0,910.0
97,2026-02-11,Hair_Pins,2,25.0,50.0,910.0
97,2026-02-11,Safety_Pins,2,25.0,50.0,910.0
97,2026-02-11,Lipstick,4,90.0,360.0,910.0
97,2026-02-11,Finger_Ring,3,45.0,135.0,910.0
97,2026-02-11,Comb,4,50.0,200.0,910.0
97,2026-02-11,Hair_Pins,4,10.0,40.0,910.0
97,2026-02-11,Bindi_Packets,1,15.0,15.0,910.0
97,2026-02-11,Bindi_Packets,1,10.0,10.0,910.0
98,2026-02-12,Comb,2,40.0,80.0,1020.0
98,2026-02-12,Earrings_,2,170.0,340.0,1020.0
98,2026-02-12,Hair_Pins,4,30.0,120.0,1020.0
98,2026-02-12,Necklace,1,450.0,450.0,1020.0
98,2026-02-12,Bindi_Packets,1,15.0,15.0,1020.0
98,2026-02-12,Bindi_Packets,1,15.0,15.0,1020.0
99,2026-02-12,Hair_Pins,3,30.0,90.0,665.0
99,2026-02-12,Razor,1,90.0,90.0,665.0
99,2026-02-12,Hair_Clips,3,50.0,150.0,665.0
99,2026-02-12,Bangles,3,90.0,270.0,665.0
99,2026-02-12,Hair_Bands,1,40.0,40.0,665.0
99,2026-02-12,Safety_Pins,1,25.0,25.0,665.0
100,2026-02-13,Hair_Bands,2,35.0,70.0,815.0
100,2026-02-13,Finger_Ring,2,45.0,90.0,815.0
100,2026-02-13,Necklace,1,475.0,475.0,815.0
100,2026-02-13,Hair_Pins,4,10.0,40.0,815.0
100,2026-02-13,Hair_Bands,4,25.0,100.0,815.0
100,2026-02-13,Safety_Pins,2,20.0,40.0,815.0
101,2026-02-13,Necklace,2,525.0,1050.0,1080.0
101,2026-02-13,Safety_Pins,3,10.0,30.0,1080.0
102,2026-02-13,Hair_Bands,3,30.0,90.0,1325.0
102,2026-02-13,Sindoor,1,40.0,40.0,1325.0
102,2026-02-13,Kajal,2,70.0,140.0,1325.0
102,2026-02-13,Hair_Bands,3,25.0,75.0,1325.0
102,2026-02-13,Razor,3,100.0,300.0,1325.0
102,2026-02-13,Eyeliner,3,95.0,285.0,1325.0
102,2026-02-13,Comb,4,40.0,160.0,1325.0
102,2026-02-13,Comb,2,60.0,120.0,1325.0
102,2026-02-13,Fancy_Chain,1,45.0,45.0,1325.0
102,2026-02-13,Safety_Pins,2,25.0,50.0,1325.0
102,2026-02-13,Hair_Bands,1,20.0,20.0,1325.0
103,2026-02-13,Earrings,4,240.0,960.0,985.0
103,2026-02-13,Bindi_Packets,1,15.0,15.0,985.0
103,2026-02-13,Bindi_Packets,1,10.0,10.0,985.0
104,2026-02-14,Bangles,1,400.0,400.0,875.0
104,2026-02-14,Eyeliner,1,95.0,95.0,875.0
104,2026-02-14,Finger_Ring,4,85.0,340.0,875.0
104,2026-02-14,Hair_Pins,2,10.0,20.0,875.0
104,2026-02-14,Hair_Pins,1,20.0,20.0,875.0
105,2026-02-14,Hair_Clips,4,40.0,160.0,625.0
105,2026-02-14,Comb,3,50.0,150.0,625.0
105,2026-02-14,Bangles,2,70.0,140.0,625.0
105,2026-02-14,Earrings,1,155.0,155.0,625.0
105,2026-02-14,Safety_Pins,1,20.0,20.0,625.0
106,2026-02-14,Bangles_,1,450.0,450.0,730.0
106,2026-02-14,Bangles,1,110.0,110.0,730.0
106,2026-02-14,Sindoor,1,30.0,30.0,730.0
106,2026-02-14,Pocket_Mirror,1,50.0,50.0,730.0
106,2026-02-14,Nail_Polish,1,50.0,50.0,730.0
106,2026-02-14,Bindi_Packets,3,10.0,30.0,730.0
106,2026-02-14,Hair_Pins,1,10.0,10.0,730.0
107,2026-02-14,Necklace,1,450.0,450.0,1315.0
107,2026-02-14,Hair_Clips,3,50.0,150.0,1315.0
107,2026-02-14,Hair_Clips,4,60.0,240.0,1315.0
107,2026-02-14,Comb,1,20.0,20.0,1315.0
107,2026-02-14,Earrings,1,190.0,190.0,1315.0
107,2026-02-14,Eyeliner,1,80.0,80.0,1315.0
107,2026-02-14,Earrings,1,155.0,155.0,1315.0
107,2026-02-14,Hair_Pins,1,20.0,20.0,1315.0
107,2026-02-14,Bindi_Packets,1,10.0,10.0,1315.0
108,2026-02-16,Hair_Clips,1,80.0,80.0,960.0
108,2026-02-16,Finger_Ring,4,85.0,340.0,960.0
108,2026-02-16,Fancy_Chain,3,65.0,195.0,960.0
108,2026-02-16,Earrings,3,50.0,150.0,960.0
108,2026-02-16,Hair_Bands,4,25.0,100.0,960.0
108,2026-02-16,Nail_Polish,1,55.0,55.0,960.0
108,2026-02-16,Hair_Clips,1,40.0,40.0,960.0
109,2026-02-16,Hair_Pins,4,10.0,40.0,945.0
109,2026-02-16,Bindi_Packets,1,10.0,10.0,945.0
109,2026-02-16,Finger_Ring,3,45.0,135.0,945.0
109,2026-02-16,Bindi_Packets,3,15.0,45.0,945.0
109,2026-02-16,Earrings_,1,170.0,170.0,945.0
109,2026-02-16,Hair_Clips,2,60.0,120.0,945.0
109,2026-02-16,Nail_Polish,1,45.0,45.0,945.0
109,2026-02-16,Hair_Bands,3,35.0,105.0,945.0
109,2026-02-16,Pocket_Mirror,4,50.0,200.0,945.0
109,2026-02-16,Nail_Polish,1,50.0,50.0,945.0
109,2026-02-16,Hair_Pins,1,25.0,25.0,945.0
110,2026-02-16,Eyeliner,3,90.0,270.0,1385.0
110,2026-02-16,Necklace,2,475.0,950.0,1385.0
110,2026-02-16,Pocket_Mirror,2,35.0,70.0,1385.0
110,2026-02-16,Sindoor,2,35.0,70.0,1385.0
110,2026-02-16,Hair_Pins,1,25.0,25.0,1385.0
111,2026-02-16,Hair_Pins,4,20.0,80.0,900.0
111,2026-02-16,Earrings,1,275.0,275.0,900.0
111,2026-02-16,Sindoor,4,45.0,180.0,900.0
111,2026-02-16,Hair_Bands,4,20.0,80.0,900.0
111,2026-02-16,Hair_Pins,1,15.0,15.0,900.0
111,2026-02-16,Comb,4,20.0,80.0,900.0
111,2026-02-16,Hair_Clips,2,50.0,100.0,900.0
111,2026-02-16,Lipstick,1,80.0,80.0,900.0
111,2026-02-16,Hair_Pins,1,10.0,10.0,900.0
112,2026-02-16,Fancy_Chain,4,85.0,340.0,1290.0
112,2026-02-16,Bindi_Packets,4,15.0,60.0,1290.0
112,2026-02-16,Lipstick,3,95.0,285.0,1290.0
112,2026-02-16,Nail_Polish,4,40.0,160.0,1290.0
112,2026-02-16,Fancy_Chain,1,105.0,105.0,1290.0
112,2026-02-16,Earrings_,2,170.0,340.0,1290.0
113,2026-02-17,Razor,4,100.0,400.0,1095.0
113,2026-02-17,Hair_Pins,2,10.0,20.0,1095.0
113,2026-02-17,Finger_Ring,3,65.0,195.0,1095.0
113,2026-02-17,Bangles,1,130.0,130.0,1095.0
113,2026-02-17,Eyeliner,4,85.0,340.0,1095.0
113,2026-02-17,Hair_Pins,1,10.0,10.0,1095.0
114,2026-02-17,Bangles,4,90.0,360.0,695.0
114,2026-02-17,Comb,4,50.0,200.0,695.0
114,2026-02-17,Bindi_Packets,4,15.0,60.0,695.0
114,2026-02-17,Bangles,1,50.0,50.0,695.0
114,2026-02-17,Safety_Pins,1,25.0,25.0,695.0
115,2026-02-17,Earrings,1,50.0,50.0,1030.0
115,2026-02-17,Lipstick,4,95.0,380.0,1030.0
115,2026-02-17,Comb,4,20.0,80.0,1030.0
115,2026-02-17,Hair_Bands,4,30.0,120.0,1030.0
115,2026-02-17,Bindi_Packets,1,15.0,15.0,1030.0
115,2026-02-17,Earrings,1,240.0,240.0,1030.0
115,2026-02-17,Hair_Bands,3,30.0,90.0,1030.0
115,2026-02-17,Hair_Bands,1,40.0,40.0,1030.0
115,2026-02-17,Bindi_Packets,1,15.0,15.0,1030.0
116,2026-02-18,Finger_Ring,3,45.0,135.0,850.0
116,2026-02-18,Comb,4,20.0,80.0,850.0
116,2026-02-18,Fancy_Chain,4,125.0,500.0,850.0
116,2026-02-18,Fancy_Chain,1,65.0,65.0,850.0
116,2026-02-18,Finger_Ring,1,40.0,40.0,850.0
116,2026-02-18,Hair_Pins,1,30.0,30.0,850.0
117,2026-02-18,Safety_Pins,1,25.0,25.0,865.0
117,2026-02-18,Eyeliner,1,95.0,95.0,865.0
117,2026-02-18,Bangles_,1,450.0,450.0,865.0
117,2026-02-18,Sindoor,4,30.0,120.0,865.0
117,2026-02-18,Hair_Clips,3,40.0,120.0,865.0
117,2026-02-18,Nail_Polish,1,55.0,55.0,865.0
118,2026-02-19,Finger_Ring,4,45.0,180.0,710.0
118,2026-02-19,Earrings,1,205.0,205.0,710.0
118,2026-02-19,Bangles,4,70.0,280.0,710.0
118,2026-02-19,Bindi_Packets,2,15.0,30.0,710.0
118,2026-02-19,Hair_Pins,1,15.0,15.0,710.0
119,2026-02-20,Hair_Bands,2,25.0,50.0,1025.0
119,2026-02-20,Bangles_,2,450.0,900.0,1025.0
119,2026-02-20,Hair_Clips,1,60.0,60.0,1025.0
119,2026-02-20,Bindi_Packets,1,15.0,15.0,1025.0
120,2026-02-21,Sindoor,1,25.0,25.0,1145.0
120,2026-02-21,Hair_Pins,4,20.0,80.0,1145.0
120,2026-02-21,Necklace,2,450.0,900.0,1145.0
120,2026-02-21,Lipstick,1,85.0,85.0,1145.0
120,2026-02-21,Fancy_Chain,1,45.0,45.0,1145.0
120,2026-02-21,Hair_Pins,1,10.0,10.0,1145.0
121,2026-02-21,Eyeliner,2,85.0,170.0,715.0
121,2026-02-21,Safety_Pins,1,10.0,10.0,715.0
121,2026-02-21,Nail_Polish,2,55.0,110.0,715.0
121,2026-02-21,Sindoor,3,40.0,120.0,715.0
121,2026-02-21,Comb,1,20.0,20.0,715.0
121,2026-02-21,Sindoor,4,35.0,140.0,715.0
121,2026-02-21,Finger_Ring,3,45.0,135.0,715.0
121,2026-02-21,Bindi_Packets,1,10.0,10.0,715.0
122,2026-02-21,Bindi_Packets,4,15.0,60.0,1055.0
122,2026-02-21,Fancy_Chain,4,85.0,340.0,1055.0
122,2026-02-21,Bangles,1,110.0,110.0,1055.0
122,2026-02-21,Bangles,4,90.0,360.0,1055.0
122,2026-02-21,Finger_Ring,3,55.0,165.0,1055.0
122,2026-02-21,Hair_Pins,1,20.0,20.0,1055.0
123,2026-02-22,Eyeliner,2,90.0,180.0,1010.0
123,2026-02-22,Sindoor,3,35.0,105.0,1010.0
123,2026-02-22,Fancy_Chain,1,105.0,105.0,1010.0
123,2026-02-22,Finger_Ring,2,40.0,80.0,1010.0
123,2026-02-22,Hair_Bands,3,35.0,105.0,1010.0
123,2026-02-22,Nail_Polish,4,55.0,220.0,1010.0
123,2026-02-22,Bindi_Packets,4,15.0,60.0,1010.0
123,2026-02-22,Razor,1,100.0,100.0,1010.0
123,2026-02-22,Bindi_Packets,2,15.0,30.0,1010.0
123,2026-02-22,Sindoor,1,25.0,25.0,1010.0
124,2026-02-22,Necklace,1,790.0,790.0,1215.0
124,2026-02-22,Lipstick,4,100.0,400.0,1215.0
124,2026-02-22,Hair_Pins,1,15.0,15.0,1215.0
124,2026-02-22,Safety_Pins,1,10.0,10.0,1215.0
125,2026-02-23,Fancy_Chain,1,45.0,45.0,745.0
125,2026-02-23,Earrings,3,85.0,255.0,745.0
125,2026-02-23,Nail_Polish,1,45.0,45.0,745.0
125,2026-02-23,Hair_Clips,4,70.0,280.0,745.0
125,2026-02-23,Hair_Pins,1,30.0,30.0,745.0
125,2026-02-23,Bangles,1,70.0,70.0,745.0
125,2026-02-23,Safety_Pins,2,10.0,20.0,745.0
126,2026-02-23,Sindoor,3,45.0,135.0,720.0
126,2026-02-23,Bindi_Packets,3,15.0,45.0,720.0
126,2026-02-23,Bangles,1,250.0,250.0,720.0
126,2026-02-23,Bangles,1,250.0,250.0,720.0
126,2026-02-23,Hair_Bands,2,20.0,40.0,720.0
127,2026-02-23,Hair_Bands,3,25.0,75.0,1135.0
127,2026-02-23,Fancy_Chain,2,125.0,250.0,1135.0
127,2026-02-23,Comb,2,60.0,120.0,1135.0
127,2026-02-23,Earrings,3,120.0,360.0,1135.0
127,2026-02-23,Earrings,2,120.0,240.0,1135.0
127,2026-02-23,Hair_Bands,1,30.0,30.0,1135.0
127,2026-02-23,Sindoor,1,45.0,45.0,1135.0
127,2026-02-23,Hair_Pins,1,15.0,15.0,1135.0
128,2026-02-23,Bindi_Packets,4,15.0,60.0,1320.0
128,2026-02-23,Finger_Ring,1,55.0,55.0,1320.0
128,2026-02-23,Bangles,1,70.0,70.0,1320.0
128,2026-02-23,Finger_Ring,4,85.0,340.0,1320.0
128,2026-02-23,Pocket_Mirror,4,35.0,140.0,1320.0
128,2026-02-23,Earrings,4,85.0,340.0,1320.0
128,2026-02-23,Comb,3,30.0,90.0,1320.0
128,2026-02-23,Hair_Bands,4,35.0,140.0,1320.0
128,2026-02-23,Nail_Polish,1,45.0,45.0,1320.0
128,2026-02-23,Hair_Bands,1,30.0,30.0,1320.0
128,2026-02-23,Bindi_Packets,1,10.0,10.0,1320.0
129,2026-02-24,Pocket_Mirror,1,50.0,50.0,1245.0
129,2026-02-24,Kajal,3,70.0,210.0,1245.0
129,2026-02-24,Necklace,1,630.0,630.0,1245.0
129,2026-02-24,Finger_Ring,2,55.0,110.0,1245.0
129,2026-02-24,Sindoor,1,30.0,30.0,1245.0
129,2026-02-24,Finger_Ring,1,85.0,85.0,1245.0
129,2026-02-24,Hair_Pins,3,25.0,75.0,1245.0
129,2026-02-24,Finger_Ring,1,45.0,45.0,1245.0
129,2026-02-24,Safety_Pins,1,10.0,10.0,1245.0
130,2026-02-24,Lipstick,2,90.0,180.0,610.0
130,2026-02-24,Bangles,1,400.0,400.0,610.0
130,2026-02-24,Bindi_Packets,1,15.0,15.0,610.0
130,2026-02-24,Bindi_Packets,1,15.0,15.0,610.0
131,2026-02-25,Bangles,4,110.0,440.0,1025.0
131,2026-02-25,Nail_Polish,3,60.0,180.0,1025.0
131,2026-02-25,Finger_Ring,2,45.0,90.0,1025.0
131,2026-02-25,Fancy_Chain,3,45.0,135.0,1025.0
131,2026-02-25,Hair_Pins,1,25.0,25.0,1025.0
131,2026-02-25,Bangles,1,50.0,50.0,1025.0
131,2026-02-25,Bindi_Packets,2,15.0,30.0,1025.0
131,2026-02-25,Comb,3,20.0,60.0,1025.0
131,2026-02-25,Bindi_Packets,1,15.0,15.0,1025.0
132,2026-02-25,Safety_Pins,3,10.0,30.0,700.0
132,2026-02-25,Pocket_Mirror,2,35.0,70.0,700.0
132,2026-02-25,Bangles,2,300.0,600.0,700.0
133,2026-02-25,Eyeliner,2,90.0,180.0,905.0
133,2026-02-25,Earrings,3,205.0,615.0,905.0
133,2026-02-25,Nail_Polish,2,55.0,110.0,905.0
134,2026-02-26,Lipstick,4,100.0,400.0,795.0
134,2026-02-26,Comb,4,40.0,160.0,795.0
134,2026-02-26,Finger_Ring,2,40.0,80.0,795.0
134,2026-02-26,Bindi_Packets,2,10.0,20.0,795.0
134,2026-02-26,Hair_Pins,2,15.0,30.0,795.0
134,2026-02-26,Sindoor,3,30.0,90.0,795.0
134,2026-02-26,Bindi_Packets,1,15.0,15.0,795.0
135,2026-02-26,Bindi_Packets,2,15.0,30.0,1230.0
135,2026-02-26,Finger_Ring,3,65.0,195.0,1230.0
135,2026-02-26,Hair_Bands,2,30.0,60.0,1230.0
135,2026-02-26,Hair_Clips,4,60.0,240.0,1230.0
135,2026-02-26,Nail_Polish,3,40.0,120.0,1230.0
135,2026-02-26,Bangles,3,130.0,390.0,1230.0
135,2026-02-26,Nail_Polish,3,60.0,180.0,1230.0
135,2026-02-26,Hair_Pins,1,15.0,15.0,1230.0
136,2026-02-26,Hair_Pins,4,15.0,60.0,1150.0
136,2026-02-26,Hair_Bands,4,35.0,140.0,1150.0
136,2026-02-26,Comb,2,50.0,100.0,1150.0
136,2026-02-26,Hair_Bands,3,25.0,75.0,1150.0
136,2026-02-26,Lipstick,4,85.0,340.0,1150.0
136,2026-02-26,Hair_Bands,2,20.0,40.0,1150.0
136,2026-02-26,Hair_Clips,4,50.0,200.0,1150.0
136,2026-02-26,Comb,3,60.0,180.0,1150.0
136,2026-02-26,Hair_Pins,1,15.0,15.0,1150.0
137,2026-02-27,Comb,1,20.0,20.0,760.0
137,2026-02-27,Sindoor,4,30.0,120.0,760.0
137,2026-02-27,Hair_Bands,3,35.0,105.0,760.0
137,2026-02-27,Hair_Clips,1,50.0,50.0,760.0
137,2026-02-27,Lipstick,1,95.0,95.0,760.0
137,2026-02-27,Eyeliner,4,85.0,340.0,760.0
137,2026-02-27,Hair_Bands,1,20.0,20.0,760.0
137,2026-02-27,Bindi_Packets,1,10.0,10.0,760.0
138,2026-02-27,Hair_Clips,1,60.0,60.0,1205.0
138,2026-02-27,Fancy_Chain,3,125.0,375.0,1205.0
138,2026-02-27,Bangles,3,130.0,390.0,1205.0
138,2026-02-27,Bangles,4,90.0,360.0,1205.0
138,2026-02-27,Hair_Pins,1,20.0,20.0,1205.0
139,2026-02-28,Earrings,2,190.0,380.0,1250.0
139,2026-02-28,Necklace,1,450.0,450.0,1250.0
139,2026-02-28,Pocket_Mirror,2,35.0,70.0,1250.0
139,2026-02-28,Bindi_Packets,2,10.0,20.0,1250.0
139,2026-02-28,Hair_Bands,1,30.0,30.0,1250.0
139,2026-02-28,Finger_Ring,4,45.0,180.0,1250.0
139,2026-02-28,Safety_Pins,1,20.0,20.0,1250.0
139,2026-02-28,Sindoor,1,40.0,40.0,1250.0
139,2026-02-28,Hair_Bands,1,35.0,35.0,1250.0
139,2026-02-28,Hair_Pins,1,25.0,25.0,1250.0
140,2026-02-28,Lipstick,3,80.0,240.0,595.0
140,2026-02-28,Pocket_Mirror,2,75.0,150.0,595.0
140,2026-02-28,Eyeliner,2,95.0,190.0,595.0
140,2026-02-28,Bindi_Packets,1,15.0,15.0,595.0
141,2026-03-01,Finger_Ring,3,40.0,120.0,1160.0
141,2026-03-01,Eyeliner,1,100.0,100.0,1160.0
141,2026-03-01,Nail_Polish,3,40.0,120.0,1160.0
141,2026-03-01,Kajal,3,70.0,210.0,1160.0
141,2026-03-01,Earrings,2,240.0,480.0,1160.0
141,2026-03-01,Comb,2,40.0,80.0,1160.0
141,2026-03-01,Safety_Pins,2,10.0,20.0,1160.0
141,2026-03-01,Bindi_Packets,1,15.0,15.0,1160.0
141,2026-03-01,Bindi_Packets,1,15.0,15.0,1160.0
142,2026-03-01,Lipstick,2,100.0,200.0,1275.0
142,2026-03-01,Hair_Clips,1,60.0,60.0,1275.0
142,2026-03-01,Earrings,3,85.0,255.0,1275.0
142,2026-03-01,Hair_Bands,3,40.0,120.0,1275.0
142,2026-03-01,Bangles,1,400.0,400.0,1275.0
142,2026-03-01,Nail_Polish,2,45.0,90.0,1275.0
142,2026-03-01,Fancy_Chain,1,45.0,45.0,1275.0
142,2026-03-01,Finger_Ring,1,85.0,85.0,1275.0
142,2026-03-01,Hair_Pins,1,20.0,20.0,1275.0
143,2026-03-02,Earrings,2,155.0,310.0,935.0
143,2026-03-02,Eyeliner,3,80.0,240.0,935.0
143,2026-03-02,Pocket_Mirror,4,50.0,200.0,935.0
143,2026-03-02,Finger_Ring,1,65.0,65.0,935.0
143,2026-03-02,Comb,2,60.0,120.0,935.0
144,2026-03-02,Nail_Polish,3,55.0,165.0,1035.0
144,2026-03-02,Hair_Pins,1,25.0,25.0,1035.0
144,2026-03-02,Bangles,2,300.0,600.0,1035.0
144,2026-03-02,Earrings,2,85.0,170.0,1035.0
144,2026-03-02,Pocket_Mirror,1,50.0,50.0,1035.0
144,2026-03-02,Bindi_Packets,1,15.0,15.0,1035.0
144,2026-03-02,Hair_Pins,1,10.0,10.0,1035.0
145,2026-03-02,Hair_Bands,2,30.0,60.0,895.0
145,2026-03-02,Comb,1,50.0,50.0,895.0
145,2026-03-02,Earrings,4,155.0,620.0,895.0
145,2026-03-02,Kajal,1,90.0,90.0,895.0
145,2026-03-02,Hair_Pins,1,25.0,25.0,895.0
145,2026-03-02,Bindi_Packets,4,10.0,40.0,895.0
145,2026-03-02,Bindi_Packets,1,10.0,10.0,895.0
146,2026-03-03,Hair_Pins,3,30.0,90.0,1365.0
146,2026-03-03,Pocket_Mirror,2,75.0,150.0,1365.0
146,2026-03-03,Hair_Bands,1,25.0,25.0,1365.0
146,2026-03-03,Finger_Ring,4,85.0,340.0,1365.0
146,2026-03-03,Hair_Bands,1,40.0,40.0,1365.0
146,2026-03-03,Bangles,2,110.0,220.0,1365.0
146,2026-03-03,Nail_Polish,1,40.0,40.0,1365.0
146,2026-03-03,Fancy_Chain,3,105.0,315.0,1365.0
146,2026-03-03,Hair_Clips,1,70.0,70.0,1365.0
146,2026-03-03,Finger_Ring,1,65.0,65.0,1365.0
146,2026-03-03,Hair_Pins,1,10.0,10.0,1365.0
147,2026-03-03,Hair_Pins,4,25.0,100.0,970.0
147,2026-03-03,Hair_Pins,2,15.0,30.0,970.0
147,2026-03-03,Hair_Clips,1,50.0,50.0,970.0
147,2026-03-03,Earrings,2,205.0,410.0,970.0
147,2026-03-03,Hair_Pins,4,25.0,100.0,970.0
147,2026-03-03,Comb,2,30.0,60.0,970.0
147,2026-03-03,Eyeliner,1,100.0,100.0,970.0
147,2026-03-03,Comb,4,30.0,120.0,970.0
148,2026-03-03,Nail_Polish,4,60.0,240.0,1225.0
148,2026-03-03,Lipstick,4,85.0,340.0,1225.0
148,2026-03-03,Eyeliner,4,100.0,400.0,1225.0
148,2026-03-03,Finger_Ring,1,85.0,85.0,1225.0
148,2026-03-03,Eyeliner,1,80.0,80.0,1225.0
148,2026-03-03,Kajal,1,70.0,70.0,1225.0
148,2026-03-03,Bindi_Packets,1,10.0,10.0,1225.0
149,2026-03-04,Safety_Pins,3,10.0,30.0,810.0
149,2026-03-04,Nail_Polish,3,50.0,150.0,810.0
149,2026-03-04,Necklace,1,630.0,630.0,810.0
150,2026-03-04,Lipstick,2,90.0,180.0,740.0
150,2026-03-04,Bindi_Packets,4,15.0,60.0,740.0
150,2026-03-04,Sindoor,2,45.0,90.0,740.0
150,2026-03-04,Bindi_Packets,3,10.0,30.0,740.0
150,2026-03-04,Pocket_Mirror,1,75.0,75.0,740.0
150,2026-03-04,Hair_Bands,4,35.0,140.0,740.0
150,2026-03-04,Hair_Clips,2,40.0,80.0,740.0
150,2026-03-04,Safety_Pins,3,25.0,75.0,740.0
150,2026-03-04,Hair_Pins,1,10.0,10.0,740.0
151,2026-03-05,Catalogue_Sareee,1,695.0,695.0,900.0
151,2026-03-05,Leggings,1,205.0,205.0,900.0
152,2026-03-05,Silk_Saree,1,850.0,850.0,850.0
153,2026-03-06,Leggings,2,205.0,410.0,820.0
153,2026-03-06,Kurti_Chudidar_Top,1,410.0,410.0,820.0
154,2026-03-07,Kurti_Chudidar_Top,2,535.0,1070.0,1265.0
154,2026-03-07,Leggings,1,195.0,195.0,1265.0
155,2026-03-07,Kids_dress,1,675.0,675.0,1025.0
155,2026-03-07,Leggings,2,175.0,350.0,1025.0
156,2026-03-07,Silk_Saree,1,900.0,900.0,900.0
157,2026-03-08,Kids_dress,1,725.0,725.0,975.0
157,2026-03-08,Plazo_Patiala_Pant,1,250.0,250.0,975.0
158,2026-03-08,Leggings,2,185.0,370.0,695.0
158,2026-03-08,Nighty,1,325.0,325.0,695.0
159,2026-03-08,Catalogue_Sareee,1,770.0,770.0,770.0
160,2026-03-08,Plazo_Patiala_Pant,2,450.0,900.0,900.0
161,2026-03-09,Kurti_Chudidar_Top,1,535.0,535.0,535.0
162,2026-03-09,Leggings,2,195.0,390.0,1240.0
162,2026-03-09,Nighty,1,325.0,325.0,1240.0
162,2026-03-09,Nighty,1,525.0,525.0,1240.0
163,2026-03-11,Plazo_Patiala_Pant,1,350.0,350.0,555.0
163,2026-03-11,Leggings,1,205.0,205.0,555.0
164,2026-03-13,Nighty,1,325.0,325.0,695.0
164,2026-03-13,Leggings,2,185.0,370.0,695.0
165,2026-03-13,Plazo_Patiala_Pant,2,400.0,800.0,1050.0
165,2026-03-13,Plazo_Patiala_Pant,1,250.0,250.0,1050.0
166,2026-03-14,Leggings,4,195.0,780.0,1170.0
166,2026-03-14,Leggings,1,185.0,185.0,1170.0
166,2026-03-14,Leggings,1,205.0,205.0,1170.0
167,2026-03-14,Nighty,1,325.0,325.0,1100.0
167,2026-03-14,Nighty,1,525.0,525.0,1100.0
167,2026-03-14,Plazo_Patiala_Pant,1,250.0,250.0,1100.0
168,2026-03-14,Nighty,2,525.0,1050.0,1050.0
169,2026-03-14,Catalogue_Sareee,1,710.0,710.0,895.0
169,2026-03-14,Leggings,1,185.0,185.0,895.0
170,2026-03-15,Leggings,2,185.0,370.0,565.0
170,2026-03-15,Leggings,1,195.0,195.0,565.0
171,2026-03-15,Plazo_Patiala_Pant,4,250.0,1000.0,1185.0
171,2026-03-15,Leggings,1,185.0,185.0,1185.0
172,2026-03-15,Kids_dress,1,650.0,650.0,1250.0
172,2026-03-15,Plazo_Patiala_Pant,2,300.0,600.0,1250.0
173,2026-03-15,Kids_dress,1,800.0,800.0,975.0
173,2026-03-15,Leggings,1,175.0,175.0,975.0
174,2026-03-16,Silk_Saree,1,750.0,750.0,750.0
175,2026-03-16,Kurti_Chudidar_Top,1,485.0,485.0,885.0
175,2026-03-16,Plazo_Patiala_Pant,1,400.0,400.0,885.0
176,2026-03-16,Plazo_Patiala_Pant,1,350.0,350.0,935.0
176,2026-03-16,Leggings,2,205.0,410.0,935.0
176,2026-03-16,Leggings,1,175.0,175.0,935.0
177,2026-03-18,Kurti_Chudidar_Top_,1,635.0,635.0,635.0
178,2026-03-19,Nighty,1,425.0,425.0,600.0
178,2026-03-19,Leggings,1,175.0,175.0,600.0
179,2026-03-20,Plazo_Patiala_Pant,1,400.0,400.0,725.0
179,2026-03-20,Nighty,1,325.0,325.0,725.0
180,2026-03-20,Silk_Saree,1,950.0,950.0,1145.0
180,2026-03-20,Leggings,1,195.0,195.0,1145.0
181,2026-03-20,Kids_dress,1,650.0,650.0,855.0
181,2026-03-20,Leggings,1,205.0,205.0,855.0
182,2026-03-22,Kids_dress,1,775.0,775.0,980.0
182,2026-03-22,Leggings,1,205.0,205.0,980.0
183,2026-03-24,Catalogue_Sareee,1,725.0,725.0,725.0
184,2026-03-24,Nighty,1,425.0,425.0,815.0
184,2026-03-24,Leggings,1,185.0,185.0,815.0
184,2026-03-24,Leggings,1,205.0,205.0,815.0
185,2026-03-25,Kids_dress,1,725.0,725.0,900.0
185,2026-03-25,Leggings,1,175.0,175.0,900.0
186,2026-03-25,Leggings,3,195.0,585.0,1315.0
186,2026-03-25,Kurti_Chudidar_Top,1,535.0,535.0,1315.0
186,2026-03-25,Leggings,1,195.0,195.0,1315.0
187,2026-03-25,Catalogue_Sareee,1,650.0,650.0,650.0
188,2026-03-25,Kids_dress,1,750.0,750.0,935.0
188,2026-03-25,Leggings,1,185.0,185.0,935.0
189,2026-03-26,Catalogue_Sareee,1,710.0,710.0,1195.0
189,2026-03-26,Kurti_Chudidar_Top,1,485.0,485.0,1195.0
190,2026-03-27,Kids_dress,1,675.0,675.0,675.0
191,2026-03-27,Kids_dress,1,625.0,625.0,1050.0
191,2026-03-27,Plazo_Patiala_Pant,1,250.0,250.0,1050.0
191,2026-03-27,Leggings,1,175.0,175.0,1050.0
192,2026-03-28,Kurti_Chudidar_Top,2,435.0,870.0,1220.0
192,2026-03-28,Plazo_Patiala_Pant,1,350.0,350.0,1220.0
193,2026-03-28,Plazo_Patiala_Pant,1,450.0,450.0,775.0
193,2026-03-28,Nighty,1,325.0,325.0,775.0
194,2026-03-28,Catalogue_Sareee,1,740.0,740.0,990.0
194,2026-03-28,Plazo_Patiala_Pant,1,250.0,250.0,990.0
195,2026-03-29,Kurti_Chudidar_Top,2,585.0,1170.0,1345.0
195,2026-03-29,Leggings,1,175.0,175.0,1345.0
196,2026-03-29,Kids_dress,1,775.0,775.0,1075.0
196,2026-03-29,Plazo_Patiala_Pant,1,300.0,300.0,1075.0
197,2026-03-29,Kurti_Chudidar_Top,1,510.0,510.0,510.0
198,2026-03-30,Cotton_Saree,1,650.0,650.0,1200.0
198,2026-03-30,Plazo_Patiala_Pant,1,300.0,300.0,1200.0
198,2026-03-30,Plazo_Patiala_Pant,1,250.0,250.0,1200.0
199,2026-03-30,Leggings,1,175.0,175.0,1270.0
199,2026-03-30,Kids_dress,1,725.0,725.0,1270.0
199,2026-03-30,Leggings,1,185.0,185.0,1270.0
199,2026-03-30,Leggings,1,185.0,185.0,1270.0
200,2026-03-30,Nighty,2,325.0,650.0,1020.0
200,2026-03-30,Leggings,2,185.0,370.0,1020.0
