Bill_ID,Date,Product_Name,Quantity,Unit_Price,Total_Price,Bill_Total
1,2026-01-01,Kajal,3,70.0,210.0,395.0
1,2026-01-01,Bindi_Packets,3,15.0,45.0,395.0
1,2026-01-01,Bindi_Packets,2,15.0,30.0,395.0
1,2026-01-01,Comb,1,20.0,20.0,395.0
1,2026-01-01,Razor,1,90.0,90.0,395.0
2,2026-01-01,Eyeliner,3,95.0,285.0,1030.0
2,2026-01-01,Bindi_Packets,1,15.0,15.0,1030.0
2,2026-01-01,Safety_Pins,4,25.0,100.0,1030.0
2,2026-01-01,Sindoor,4,25.0,100.0,1030.0
2,2026-01-01,Eyeliner,2,95.0,190.0,1030.0
2,2026-01-01,Eyeliner,4,85.0,340.0,1030.0
3,2026-01-01,Nail_Polish,4,60.0,240.0,1595.0
3,2026-01-01,Lipstick,4,100.0,400.0,1595.0
3,2026-01-01,Nail_Polish,1,50.0,50.0,1595.0
3,2026-01-01,Bangles,3,70.0,210.0,1595.0
3,2026-01-01,Safety_Pins,1,10.0,10.0,1595.0
3,2026-01-01,Necklace,1,475.0,475.0,1595.0
3,2026-01-01,Hair_Pins,2,25.0,50.0,1595.0
3,2026-01-01,Hair_Bands,1,20.0,20.0,1595.0
3,2026-01-01,Sindoor,2,45.0,90.0,1595.0
3,2026-01-01,Hair_Pins,2,20.0,40.0,1595.0
3,2026-01-01,Bindi_Packets,1,10.0,10.0,1595.0
4,2026-01-02,Eyeliner,3,95.0,285.0,1545.0
4,2026-01-02,Leggings,1,175.0,175.0,1545.0
4,2026-01-02,Comb,1,60.0,60.0,1545.0
4,2026-01-02,Safety_Pins,2,10.0,20.0,1545.0
4,2026-01-02,Leggings,1,205.0,205.0,1545.0
4,2026-01-02,Bangles,2,400.0,800.0,1545.0
5,2026-01-02,Finger_Ring,2,40.0,80.0,760.0
5,2026-01-02,Comb,1,60.0,60.0,760.0
5,2026-01-02,Earrings,4,155.0,620.0,760.0
6,2026-01-02,Necklace,2,475.0,950.0,1995.0
6,2026-01-02,Necklace,1,450.0,450.0,1995.0
6,2026-01-02,Comb,2,60.0,120.0,1995.0
6,2026-01-02,Nail_Polish,4,40.0,160.0,1995.0
6,2026-01-02,Comb,2,50.0,100.0,1995.0
6,2026-01-02,Finger_Ring,1,55.0,55.0,1995.0
6,2026-01-02,Eyeliner,1,100.0,100.0,1995.0
6,2026-01-02,Hair_Bands,1,20.0,20.0,1995.0
6,2026-01-02,Sindoor,1,40.0,40.0,1995.0
7,2026-01-02,Plazo_Patiala_Pant,1,350.0,350.0,1480.0
7,2026-01-02,Bangles,3,300.0,900.0,1480.0
7,2026-01-02,Fancy_Chain,2,65.0,130.0,1480.0
7,2026-01-02,Earrings,1,50.0,50.0,1480.0
7,2026-01-02,Pocket_Mirror,1,50.0,50.0,1480.0
8,2026-01-03,Eyeliner,2,100.0,200.0,1190.0
8,2026-01-03,Comb,2,30.0,60.0,1190.0
8,2026-01-03,Bangles,2,300.0,600.0,1190.0
8,2026-01-03,Bangles,3,90.0,270.0,1190.0
8,2026-01-03,Bindi_Packets,4,15.0,60.0,1190.0
9,2026-01-03,Pocket_Mirror,1,50.0,50.0,690.0
9,2026-01-03,Nail_Polish,3,40.0,120.0,690.0
9,2026-01-03,Sindoor,2,30.0,60.0,690.0
9,2026-01-03,Lipstick,3,80.0,240.0,690.0
9,2026-01-03,Finger_Ring,1,85.0,85.0,690.0
9,2026-01-03,Sindoor,3,45.0,135.0,690.0
10,2026-01-04,Bangles,4,110.0,440.0,2320.0
10,2026-01-04,Plazo_Patiala_Pant,1,250.0,250.0,2320.0
10,2026-01-04,Bangles,2,250.0,500.0,2320.0
10,2026-01-04,Earrings,3,85.0,255.0,2320.0
10,2026-01-04,Leggings,1,195.0,195.0,2320.0
10,2026-01-04,Fancy_Chain,4,105.0,420.0,2320.0
10,2026-01-04,Safety_Pins,3,20.0,60.0,2320.0
10,2026-01-04,Hair_Pins,4,20.0,80.0,2320.0
10,2026-01-04,Hair_Bands,4,30.0,120.0,2320.0
11,2026-01-05,Hair_Bands,3,35.0,105.0,1000.0
11,2026-01-05,Necklace,1,525.0,525.0,1000.0
11,2026-01-05,Safety_Pins,2,20.0,40.0,1000.0
11,2026-01-05,Hair_Pins,3,25.0,75.0,1000.0
11,2026-01-05,Safety_Pins,3,10.0,30.0,1000.0
11,2026-01-05,Hair_Bands,1,25.0,25.0,1000.0
11,2026-01-05,Nail_Polish,3,40.0,120.0,1000.0
11,2026-01-05,Eyeliner,1,80.0,80.0,1000.0
12,2026-01-05,Hair_Clips,4,50.0,200.0,945.0
12,2026-01-05,Hair_Pins,2,25.0,50.0,945.0
12,2026-01-05,Catalogue_Sareee,1,695.0,695.0,945.0
13,2026-01-05,Earrings,1,240.0,240.0,470.0
13,2026-01-05,Comb,3,50.0,150.0,470.0
13,2026-01-05,Lipstick,1,80.0,80.0,470.0
14,2026-01-05,Necklace,1,630.0,630.0,1565.0
14,2026-01-05,Fancy_Chain,1,45.0,45.0,1565.0
14,2026-01-05,Earrings,2,190.0,380.0,1565.0
14,2026-01-05,Razor,4,100.0,400.0,1565.0
14,2026-01-05,Finger_Ring,2,55.0,110.0,1565.0
15,2026-01-05,Pocket_Mirror,4,50.0,200.0,1795.0
15,2026-01-05,Nighty,1,325.0,325.0,1795.0
15,2026-01-05,Finger_Ring,1,55.0,55.0,1795.0
15,2026-01-05,Sindoor,2,45.0,90.0,1795.0
15,2026-01-05,Kajal,2,70.0,140.0,1795.0
15,2026-01-05,Hair_Bands,3,20.0,60.0,1795.0
15,2026-01-05,Kajal,4,90.0,360.0,1795.0
15,2026-01-05,Bangles,2,110.0,220.0,1795.0
15,2026-01-05,Bangles,3,70.0,210.0,1795.0
15,2026-01-05,Finger_Ring,3,45.0,135.0,1795.0
16,2026-01-06,Catalogue_Sareee,1,650.0,650.0,1155.0
16,2026-01-06,Hair_Clips,3,60.0,180.0,1155.0
16,2026-01-06,Nighty,1,325.0,325.0,1155.0
17,2026-01-07,Earrings,1,50.0,50.0,2125.0
17,2026-01-07,Earrings,4,275.0,1100.0,2125.0
17,2026-01-07,Bangles_,1,450.0,450.0,2125.0
17,2026-01-07,Razor,2,90.0,180.0,2125.0
17,2026-01-07,Hair_Pins,2,15.0,30.0,2125.0
17,2026-01-07,Safety_Pins,2,25.0,50.0,2125.0
17,2026-01-07,Bindi_Packets,1,10.0,10.0,2125.0
17,2026-01-07,Bangles,1,110.0,110.0,2125.0
17,2026-01-07,Hair_Bands,1,20.0,20.0,2125.0
17,2026-01-07,Pocket_Mirror,2,35.0,70.0,2125.0
17,2026-01-07,Nail_Polish,1,55.0,55.0,2125.0
18,2026-01-07,Fancy_Chain,3,105.0,315.0,2015.0
18,2026-01-07,Bangles,4,250.0,1000.0,2015.0
18,2026-01-07,Lipstick,2,100.0,200.0,2015.0
18,2026-01-07,Nail_Polish,1,55.0,55.0,2015.0
18,2026-01-07,Razor,1,90.0,90.0,2015.0
18,2026-01-07,Sindoor,3,35.0,105.0,2015.0
18,2026-01-07,Eyeliner,1,80.0,80.0,2015.0
18,2026-01-07,Hair_Clips,3,40.0,120.0,2015.0
18,2026-01-07,Earrings,1,50.0,50.0,2015.0
19,2026-01-07,Nail_Polish,1,40.0,40.0,730.0
19,2026-01-07,Hair_Bands,4,30.0,120.0,730.0
19,2026-01-07,Comb,2,40.0,80.0,730.0
19,2026-01-07,Plazo_Patiala_Pant,1,250.0,250.0,730.0
19,2026-01-07,Nail_Polish,1,60.0,60.0,730.0
19,2026-01-07,Hair_Bands,3,30.0,90.0,730.0
19,2026-01-07,Fancy_Chain,2,45.0,90.0,730.0
20,2026-01-08,Finger_Ring,1,85.0,85.0,790.0
20,2026-01-08,Sindoor,2,35.0,70.0,790.0
20,2026-01-08,Fancy_Chain,1,105.0,105.0,790.0
20,2026-01-08,Finger_Ring,2,85.0,170.0,790.0
20,2026-01-08,Hair_Pins,4,20.0,80.0,790.0
20,2026-01-08,Hair_Bands,3,40.0,120.0,790.0
20,2026-01-08,Hair_Clips,4,40.0,160.0,790.0
21,2026-01-10,Leggings,1,205.0,205.0,945.0
21,2026-01-10,Earrings,1,275.0,275.0,945.0
21,2026-01-10,Hair_Bands,4,25.0,100.0,945.0
21,2026-01-10,Finger_Ring,3,45.0,135.0,945.0
21,2026-01-10,Earrings,3,50.0,150.0,945.0
21,2026-01-10,Hair_Clips,2,40.0,80.0,945.0
22,2026-01-10,Leggings,1,175.0,175.0,1310.0
22,2026-01-10,Safety_Pins,4,20.0,80.0,1310.0
22,2026-01-10,Bangles,1,110.0,110.0,1310.0
22,2026-01-10,Fancy_Chain,1,105.0,105.0,1310.0
22,2026-01-10,Comb,4,50.0,200.0,1310.0
22,2026-01-10,Hair_Clips,4,70.0,280.0,1310.0
22,2026-01-10,Nail_Polish,2,50.0,100.0,1310.0
22,2026-01-10,Hair_Clips,1,40.0,40.0,1310.0
22,2026-01-10,Hair_Pins,1,15.0,15.0,1310.0
22,2026-01-10,Earrings,1,205.0,205.0,1310.0
23,2026-01-10,Safety_Pins,1,20.0,20.0,490.0
23,2026-01-10,Bangles,1,400.0,400.0,490.0
23,2026-01-10,Hair_Pins,1,20.0,20.0,490.0
23,2026-01-10,Hair_Clips,1,50.0,50.0,490.0
24,2026-01-12,Nail_Polish,1,60.0,60.0,800.0
24,2026-01-12,Kids_dress,1,725.0,725.0,800.0
24,2026-01-12,Bindi_Packets,1,15.0,15.0,800.0
25,2026-01-12,Comb,3,60.0,180.0,825.0
25,2026-01-12,Finger_Ring,1,55.0,55.0,825.0
25,2026-01-12,Bindi_Packets,1,15.0,15.0,825.0
25,2026-01-12,Hair_Clips,1,40.0,40.0,825.0
25,2026-01-12,Earrings_,2,170.0,340.0,825.0
25,2026-01-12,Fancy_Chain,3,65.0,195.0,825.0
26,2026-01-12,Hair_Bands,2,25.0,50.0,1950.0
26,2026-01-12,Hair_Pins,1,10.0,10.0,1950.0
26,2026-01-12,Fancy_Chain,2,65.0,130.0,1950.0
26,2026-01-12,Comb,4,40.0,160.0,1950.0
26,2026-01-12,Safety_Pins,3,20.0,60.0,1950.0
26,2026-01-12,Bindi_Packets,1,15.0,15.0,1950.0
26,2026-01-12,Bangles,1,130.0,130.0,1950.0
26,2026-01-12,Hair_Bands,1,20.0,20.0,1950.0
26,2026-01-12,Leggings,1,175.0,175.0,1950.0
26,2026-01-12,Bangles,3,250.0,750.0,1950.0
26,2026-01-12,Plazo_Patiala_Pant,1,450.0,450.0,1950.0
27,2026-01-12,Earrings,4,50.0,200.0,1220.0
27,2026-01-12,Lipstick,2,90.0,180.0,1220.0
27,2026-01-12,Earrings_,3,170.0,510.0,1220.0
27,2026-01-12,Hair_Pins,4,30.0,120.0,1220.0
27,2026-01-12,Eyeliner,1,85.0,85.0,1220.0
27,2026-01-12,Lipstick,1,85.0,85.0,1220.0
27,2026-01-12,Hair_Bands,2,20.0,40.0,1220.0
28,2026-01-12,Safety_Pins,1,10.0,10.0,110.0
28,2026-01-12,Lipstick,1,90.0,90.0,110.0
28,2026-01-12,Hair_Pins,1,10.0,10.0,110.0
29,2026-01-13,Finger_Ring,1,85.0,85.0,1515.0
29,2026-01-13,Bangles,2,400.0,800.0,1515.0
29,2026-01-13,Comb,1,30.0,30.0,1515.0
29,2026-01-13,Kurti_Chudidar_Top,1,485.0,485.0,1515.0
29,2026-01-13,Hair_Bands,4,20.0,80.0,1515.0
29,2026-01-13,Hair_Bands,1,35.0,35.0,1515.0
30,2026-01-13,Fancy_Chain,1,85.0,85.0,2725.0
30,2026-01-13,Bindi_Packets,1,10.0,10.0,2725.0
30,2026-01-13,Kids_dress,1,775.0,775.0,2725.0
30,2026-01-13,Finger_Ring,2,40.0,80.0,2725.0
30,2026-01-13,Kurti_Chudidar_Top,2,435.0,870.0,2725.0
30,2026-01-13,Hair_Bands,3,40.0,120.0,2725.0
30,2026-01-13,Eyeliner,4,85.0,340.0,2725.0
30,2026-01-13,Earrings,1,190.0,190.0,2725.0
30,2026-01-13,Hair_Clips,3,40.0,120.0,2725.0
30,2026-01-13,Sindoor,3,45.0,135.0,2725.0
31,2026-01-13,Eyeliner,2,85.0,170.0,1440.0
31,2026-01-13,Hair_Pins,2,10.0,20.0,1440.0
31,2026-01-13,Razor,3,100.0,300.0,1440.0
31,2026-01-13,Nail_Polish,1,50.0,50.0,1440.0
31,2026-01-13,Earrings,4,120.0,480.0,1440.0
31,2026-01-13,Nighty,1,325.0,325.0,1440.0
31,2026-01-13,Hair_Bands,1,40.0,40.0,1440.0
31,2026-01-13,Hair_Pins,1,15.0,15.0,1440.0
31,2026-01-13,Sindoor,1,25.0,25.0,1440.0
31,2026-01-13,Hair_Pins,1,15.0,15.0,1440.0
32,2026-01-13,Necklace,1,630.0,630.0,990.0
32,2026-01-13,Kajal,3,90.0,270.0,990.0
32,2026-01-13,Sindoor,3,30.0,90.0,990.0
33,2026-01-13,Hair_Clips,1,80.0,80.0,265.0
33,2026-01-13,Nail_Polish,1,55.0,55.0,265.0
33,2026-01-13,Safety_Pins,1,25.0,25.0,265.0
33,2026-01-13,Bindi_Packets,1,15.0,15.0,265.0
33,2026-01-13,Hair_Clips,1,60.0,60.0,265.0
33,2026-01-13,Safety_Pins,3,10.0,30.0,265.0
34,2026-01-13,Bindi_Packets,1,15.0,15.0,145.0
34,2026-01-13,Hair_Bands,4,25.0,100.0,145.0
34,2026-01-13,Hair_Pins,1,30.0,30.0,145.0
35,2026-01-14,Hair_Pins,1,25.0,25.0,1940.0
35,2026-01-14,Safety_Pins,4,10.0,40.0,1940.0
35,2026-01-14,Bangles,1,400.0,400.0,1940.0
35,2026-01-14,Hair_Clips,3,80.0,240.0,1940.0
35,2026-01-14,Hair_Bands,1,35.0,35.0,1940.0
35,2026-01-14,Sindoor,3,35.0,105.0,1940.0
35,2026-01-14,Earrings,4,240.0,960.0,1940.0
35,2026-01-14,Bindi_Packets,1,15.0,15.0,1940.0
35,2026-01-14,Nail_Polish,2,60.0,120.0,1940.0
36,2026-01-15,Sindoor,4,35.0,140.0,850.0
36,2026-01-15,Hair_Bands,1,30.0,30.0,850.0
36,2026-01-15,Necklace,1,630.0,630.0,850.0
36,2026-01-15,Earrings,1,50.0,50.0,850.0
37,2026-01-15,Hair_Pins,4,25.0,100.0,955.0
37,2026-01-15,Hair_Pins,1,20.0,20.0,955.0
37,2026-01-15,Nail_Polish,3,50.0,150.0,955.0
37,2026-01-15,Bangles,2,300.0,600.0,955.0
37,2026-01-15,Sindoor,1,45.0,45.0,955.0
37,2026-01-15,Safety_Pins,1,10.0,10.0,955.0
37,2026-01-15,Bindi_Packets,1,15.0,15.0,955.0
37,2026-01-15,Bindi_Packets,1,15.0,15.0,955.0
38,2026-01-15,Bindi_Packets,1,15.0,15.0,1265.0
38,2026-01-15,Leggings,1,205.0,205.0,1265.0
38,2026-01-15,Leggings,1,185.0,185.0,1265.0
38,2026-01-15,Hair_Pins,1,30.0,30.0,1265.0
38,2026-01-15,Finger_Ring,1,65.0,65.0,1265.0
38,2026-01-15,Hair_Clips,3,50.0,150.0,1265.0
38,2026-01-15,Kajal,2,70.0,140.0,1265.0
38,2026-01-15,Bangles,2,50.0,100.0,1265.0
38,2026-01-15,Hair_Pins,3,30.0,90.0,1265.0
38,2026-01-15,Nail_Polish,1,45.0,45.0,1265.0
38,2026-01-15,Hair_Clips,3,80.0,240.0,1265.0
39,2026-01-15,Comb,2,60.0,120.0,860.0
39,2026-01-15,Safety_Pins,3,10.0,30.0,860.0
39,2026-01-15,Hair_Clips,3,40.0,120.0,860.0
39,2026-01-15,Comb,4,20.0,80.0,860.0
39,2026-01-15,Leggings,1,195.0,195.0,860.0
39,2026-01-15,Pocket_Mirror,3,35.0,105.0,860.0
39,2026-01-15,Comb,2,40.0,80.0,860.0
39,2026-01-15,Safety_Pins,4,20.0,80.0,860.0
39,2026-01-15,Hair_Clips,1,50.0,50.0,860.0
40,2026-01-15,Earrings,4,120.0,480.0,1550.0
40,2026-01-15,Bangles,1,400.0,400.0,1550.0
40,2026-01-15,Necklace,1,450.0,450.0,1550.0
40,2026-01-15,Hair_Pins,1,10.0,10.0,1550.0
40,2026-01-15,Finger_Ring,1,45.0,45.0,1550.0
40,2026-01-15,Hair_Pins,1,15.0,15.0,1550.0
40,2026-01-15,Razor,1,90.0,90.0,1550.0
40,2026-01-15,Finger_Ring,1,40.0,40.0,1550.0
40,2026-01-15,Comb,1,20.0,20.0,1550.0
41,2026-01-15,Leggings,1,205.0,205.0,1325.0
41,2026-01-15,Hair_Pins,4,20.0,80.0,1325.0
41,2026-01-15,Cotton_Saree,1,650.0,650.0,1325.0
41,2026-01-15,Finger_Ring,1,40.0,40.0,1325.0
41,2026-01-15,Bangles,1,350.0,350.0,1325.0
42,2026-01-16,Hair_Clips,1,80.0,80.0,2750.0
42,2026-01-16,Leggings,4,195.0,780.0,2750.0
42,2026-01-16,Fancy_Chain,3,85.0,255.0,2750.0
42,2026-01-16,Catalogue_Sareee,1,725.0,725.0,2750.0
42,2026-01-16,Eyeliner,2,95.0,190.0,2750.0
42,2026-01-16,Hair_Bands,1,40.0,40.0,2750.0
42,2026-01-16,Nail_Polish,1,50.0,50.0,2750.0
42,2026-01-16,Nail_Polish,4,60.0,240.0,2750.0
42,2026-01-16,Comb,2,20.0,40.0,2750.0
42,2026-01-16,Plazo_Patiala_Pant,1,350.0,350.0,2750.0
43,2026-01-16,Sindoor,1,30.0,30.0,1360.0
43,2026-01-16,Kids_dress,1,650.0,650.0,1360.0
43,2026-01-16,Bindi_Packets,2,10.0,20.0,1360.0
43,2026-01-16,Safety_Pins,3,10.0,30.0,1360.0
43,2026-01-16,Safety_Pins,1,10.0,10.0,1360.0
43,2026-01-16,Finger_Ring,2,65.0,130.0,1360.0
43,2026-01-16,Hair_Bands,4,20.0,80.0,1360.0
43,2026-01-16,Plazo_Patiala_Pant,1,250.0,250.0,1360.0
43,2026-01-16,Hair_Pins,1,25.0,25.0,1360.0
43,2026-01-16,Finger_Ring,3,45.0,135.0,1360.0
44,2026-01-17,Leggings,2,175.0,350.0,2215.0
44,2026-01-17,Bangles,3,70.0,210.0,2215.0
44,2026-01-17,Bindi_Packets,2,15.0,30.0,2215.0
44,2026-01-17,Necklace,2,525.0,1050.0,2215.0
44,2026-01-17,Bindi_Packets,1,10.0,10.0,2215.0
44,2026-01-17,Nail_Polish,4,40.0,160.0,2215.0
44,2026-01-17,Hair_Pins,1,25.0,25.0,2215.0
44,2026-01-17,Sindoor,1,30.0,30.0,2215.0
44,2026-01-17,Bangles,1,350.0,350.0,2215.0
45,2026-01-17,Safety_Pins,1,10.0,10.0,760.0
45,2026-01-17,Hair_Pins,4,10.0,40.0,760.0
45,2026-01-17,Bindi_Packets,4,15.0,60.0,760.0
45,2026-01-17,Bangles,1,70.0,70.0,760.0
45,2026-01-17,Earrings,1,155.0,155.0,760.0
45,2026-01-17,Comb,3,20.0,60.0,760.0
45,2026-01-17,Hair_Pins,1,25.0,25.0,760.0
45,2026-01-17,Lipstick,4,85.0,340.0,760.0
46,2026-01-17,Hair_Clips,2,60.0,120.0,450.0
46,2026-01-17,Razor,1,100.0,100.0,450.0
46,2026-01-17,Bindi_Packets,1,15.0,15.0,450.0
46,2026-01-17,Bangles,1,90.0,90.0,450.0
46,2026-01-17,Fancy_Chain,1,125.0,125.0,450.0
47,2026-01-18,Hair_Clips,1,70.0,70.0,1395.0
47,2026-01-18,Finger_Ring,2,85.0,170.0,1395.0
47,2026-01-18,Nighty,1,525.0,525.0,1395.0
47,2026-01-18,Comb,4,20.0,80.0,1395.0
47,2026-01-18,Lipstick,3,90.0,270.0,1395.0
47,2026-01-18,Bangles,4,70.0,280.0,1395.0
48,2026-01-18,Lipstick,3,90.0,270.0,620.0
48,2026-01-18,Bangles,1,90.0,90.0,620.0
48,2026-01-18,Earrings,1,155.0,155.0,620.0
48,2026-01-18,Safety_Pins,1,10.0,10.0,620.0
48,2026-01-18,Comb,1,20.0,20.0,620.0
48,2026-01-18,Safety_Pins,3,25.0,75.0,620.0
49,2026-01-19,Hair_Bands,1,25.0,25.0,725.0
49,2026-01-19,Bangles,1,110.0,110.0,725.0
49,2026-01-19,Bangles,1,250.0,250.0,725.0
49,2026-01-19,Bindi_Packets,1,15.0,15.0,725.0
49,2026-01-19,Earrings_,1,170.0,170.0,725.0
49,2026-01-19,Pocket_Mirror,1,35.0,35.0,725.0
49,2026-01-19,Sindoor,3,40.0,120.0,725.0
50,2026-01-20,Bangles,1,400.0,400.0,830.0
50,2026-01-20,Bindi_Packets,1,15.0,15.0,830.0
50,2026-01-20,Nail_Polish,1,45.0,45.0,830.0
50,2026-01-20,Leggings,2,185.0,370.0,830.0
51,2026-01-20,Bangles,1,250.0,250.0,1810.0
51,2026-01-20,Bangles,1,70.0,70.0,1810.0
51,2026-01-20,Hair_Bands,3,25.0,75.0,1810.0
51,2026-01-20,Fancy_Chain,1,105.0,105.0,1810.0
51,2026-01-20,Fancy_Chain,2,85.0,170.0,1810.0
51,2026-01-20,Necklace,2,475.0,950.0,1810.0
51,2026-01-20,Hair_Clips,2,70.0,140.0,1810.0
51,2026-01-20,Finger_Ring,1,40.0,40.0,1810.0
51,2026-01-20,Bindi_Packets,1,10.0,10.0,1810.0
52,2026-01-20,Comb,2,30.0,60.0,425.0
52,2026-01-20,Hair_Bands,2,40.0,80.0,425.0
52,2026-01-20,Sindoor,1,35.0,35.0,425.0
52,2026-01-20,Hair_Clips,1,70.0,70.0,425.0
52,2026-01-20,Lipstick,2,90.0,180.0,425.0
53,2026-01-21,Nail_Polish,2,55.0,110.0,1530.0
53,2026-01-21,Kids_dress,1,650.0,650.0,1530.0
53,2026-01-21,Hair_Pins,3,25.0,75.0,1530.0
53,2026-01-21,Lipstick,2,85.0,170.0,1530.0
53,2026-01-21,Bindi_Packets,2,10.0,20.0,1530.0
53,2026-01-21,Plazo_Patiala_Pant,1,300.0,300.0,1530.0
53,2026-01-21,Hair_Clips,3,60.0,180.0,1530.0
53,2026-01-21,Safety_Pins,1,10.0,10.0,1530.0
53,2026-01-21,Bindi_Packets,1,15.0,15.0,1530.0
54,2026-01-22,Sindoor,1,30.0,30.0,1565.0
54,2026-01-22,Finger_Ring,3,45.0,135.0,1565.0
54,2026-01-22,Necklace,1,630.0,630.0,1565.0
54,2026-01-22,Comb,1,20.0,20.0,1565.0
54,2026-01-22,Silk_Saree,1,750.0,750.0,1565.0
55,2026-01-23,Kajal,2,70.0,140.0,415.0
55,2026-01-23,Safety_Pins,1,10.0,10.0,415.0
55,2026-01-23,Pocket_Mirror,2,75.0,150.0,415.0
55,2026-01-23,Nail_Polish,1,45.0,45.0,415.0
55,2026-01-23,Bangles,1,50.0,50.0,415.0
55,2026-01-23,Safety_Pins,1,20.0,20.0,415.0
56,2026-01-24,Hair_Clips,2,70.0,140.0,850.0
56,2026-01-24,Sindoor,2,25.0,50.0,850.0
56,2026-01-24,Bindi_Packets,2,15.0,30.0,850.0
56,2026-01-24,Earrings,3,120.0,360.0,850.0
56,2026-01-24,Sindoor,2,45.0,90.0,850.0
56,2026-01-24,Bindi_Packets,2,15.0,30.0,850.0
56,2026-01-24,Hair_Clips,3,50.0,150.0,850.0
57,2026-01-24,Hair_Bands,1,20.0,20.0,1120.0
57,2026-01-24,Earrings,2,50.0,100.0,1120.0
57,2026-01-24,Kajal,1,70.0,70.0,1120.0
57,2026-01-24,Finger_Ring,3,65.0,195.0,1120.0
57,2026-01-24,Bindi_Packets,1,10.0,10.0,1120.0
57,2026-01-24,Earrings,2,275.0,550.0,1120.0
57,2026-01-24,Leggings,1,175.0,175.0,1120.0
58,2026-01-24,Kajal,2,70.0,140.0,845.0
58,2026-01-24,Leggings,2,185.0,370.0,845.0
58,2026-01-24,Bindi_Packets,1,15.0,15.0,845.0
58,2026-01-24,Eyeliner,4,80.0,320.0,845.0
59,2026-01-25,Kajal,1,90.0,90.0,765.0
59,2026-01-25,Hair_Clips,4,60.0,240.0,765.0
59,2026-01-25,Nail_Polish,2,60.0,120.0,765.0
59,2026-01-25,Eyeliner,2,90.0,180.0,765.0
59,2026-01-25,Hair_Pins,2,30.0,60.0,765.0
59,2026-01-25,Safety_Pins,1,25.0,25.0,765.0
59,2026-01-25,Hair_Bands,1,30.0,30.0,765.0
59,2026-01-25,Safety_Pins,1,20.0,20.0,765.0
60,2026-01-26,Eyeliner,2,85.0,170.0,3185.0
60,2026-01-26,Hair_Clips,1,40.0,40.0,3185.0
60,2026-01-26,Bangles,1,110.0,110.0,3185.0
60,2026-01-26,Earrings,4,240.0,960.0,3185.0
60,2026-01-26,Bangles,1,400.0,400.0,3185.0
60,2026-01-26,Earrings,2,205.0,410.0,3185.0
60,2026-01-26,Plazo_Patiala_Pant,2,400.0,800.0,3185.0
60,2026-01-26,Finger_Ring,3,55.0,165.0,3185.0
60,2026-01-26,Bangles,1,130.0,130.0,3185.0
61,2026-01-26,Earrings_,1,170.0,170.0,680.0
61,2026-01-26,Lipstick,3,85.0,255.0,680.0
61,2026-01-26,Earrings,3,85.0,255.0,680.0
62,2026-01-26,Bangles,3,130.0,390.0,1925.0
62,2026-01-26,Plazo_Patiala_Pant,1,400.0,400.0,1925.0
62,2026-01-26,Necklace,1,525.0,525.0,1925.0
62,2026-01-26,Leggings,2,185.0,370.0,1925.0
62,2026-01-26,Comb,4,60.0,240.0,1925.0
63,2026-01-27,Nail_Polish,1,50.0,50.0,420.0
63,2026-01-27,Bindi_Packets,4,15.0,60.0,420.0
63,2026-01-27,Lipstick,1,80.0,80.0,420.0
63,2026-01-27,Hair_Clips,3,60.0,180.0,420.0
63,2026-01-27,Bangles,1,50.0,50.0,420.0
64,2026-01-28,Comb,2,40.0,80.0,1265.0
64,2026-01-28,Comb,3,40.0,120.0,1265.0
64,2026-01-28,Finger_Ring,1,45.0,45.0,1265.0
64,2026-01-28,Nail_Polish,1,45.0,45.0,1265.0
64,2026-01-28,Bindi_Packets,1,15.0,15.0,1265.0
64,2026-01-28,Fancy_Chain,2,125.0,250.0,1265.0
64,2026-01-28,Catalogue_Sareee,1,710.0,710.0,1265.0
65,2026-01-28,Finger_Ring,4,85.0,340.0,2515.0
65,2026-01-28,Fancy_Chain,1,105.0,105.0,2515.0
65,2026-01-28,Fancy_Chain,1,45.0,45.0,2515.0
65,2026-01-28,Catalogue_Sareee,1,770.0,770.0,2515.0
65,2026-01-28,Hair_Clips,2,50.0,100.0,2515.0
65,2026-01-28,Lipstick,2,100.0,200.0,2515.0
65,2026-01-28,Earrings,1,275.0,275.0,2515.0
65,2026-01-28,Fancy_Chain,2,125.0,250.0,2515.0
65,2026-01-28,Safety_Pins,1,20.0,20.0,2515.0
65,2026-01-28,Leggings,2,205.0,410.0,2515.0
66,2026-01-28,Pocket_Mirror,1,50.0,50.0,1915.0
66,2026-01-28,Leggings,2,205.0,410.0,1915.0
66,2026-01-28,Bangles,4,90.0,360.0,1915.0
66,2026-01-28,Catalogue_Sareee,1,710.0,710.0,1915.0
66,2026-01-28,Safety_Pins,1,20.0,20.0,1915.0
66,2026-01-28,Safety_Pins,1,10.0,10.0,1915.0
66,2026-01-28,Earrings,2,155.0,310.0,1915.0
66,2026-01-28,Bindi_Packets,3,15.0,45.0,1915.0
67,2026-01-28,Finger_Ring,4,45.0,180.0,815.0
67,2026-01-28,Nail_Polish,4,50.0,200.0,815.0
67,2026-01-28,Earrings,2,205.0,410.0,815.0
67,2026-01-28,Hair_Pins,1,25.0,25.0,815.0
68,2026-01-29,Kurti_Chudidar_Top_,1,635.0,635.0,1165.0
68,2026-01-29,Nail_Polish,2,40.0,80.0,1165.0
68,2026-01-29,Necklace,1,450.0,450.0,1165.0
69,2026-01-29,Hair_Bands,2,40.0,80.0,1025.0
69,2026-01-29,Nighty,1,425.0,425.0,1025.0
69,2026-01-29,Fancy_Chain,1,65.0,65.0,1025.0
69,2026-01-29,Lipstick,1,90.0,90.0,1025.0
69,2026-01-29,Pocket_Mirror,2,35.0,70.0,1025.0
69,2026-01-29,Bindi_Packets,1,15.0,15.0,1025.0
69,2026-01-29,Hair_Bands,4,30.0,120.0,1025.0
69,2026-01-29,Hair_Pins,3,10.0,30.0,1025.0
69,2026-01-29,Hair_Clips,1,60.0,60.0,1025.0
69,2026-01-29,Bindi_Packets,1,10.0,10.0,1025.0
69,2026-01-29,Hair_Clips,1,60.0,60.0,1025.0
70,2026-01-29,Bangles,2,350.0,700.0,1440.0
70,2026-01-29,Fancy_Chain,1,45.0,45.0,1440.0
70,2026-01-29,Fancy_Chain,3,105.0,315.0,1440.0
70,2026-01-29,Finger_Ring,1,55.0,55.0,1440.0
70,2026-01-29,Bangles,1,50.0,50.0,1440.0
70,2026-01-29,Earrings,1,275.0,275.0,1440.0
71,2026-01-30,Bangles,1,400.0,400.0,1755.0
71,2026-01-30,Hair_Pins,1,15.0,15.0,1755.0
71,2026-01-30,Lipstick,4,85.0,340.0,1755.0
71,2026-01-30,Earrings,1,190.0,190.0,1755.0
71,2026-01-30,Hair_Pins,1,15.0,15.0,1755.0
71,2026-01-30,Eyeliner,1,100.0,100.0,1755.0
71,2026-01-30,Comb,2,40.0,80.0,1755.0
71,2026-01-30,Fancy_Chain,3,45.0,135.0,1755.0
71,2026-01-30,Hair_Pins,1,10.0,10.0,1755.0
71,2026-01-30,Bangles,1,130.0,130.0,1755.0
71,2026-01-30,Lipstick,4,85.0,340.0,1755.0
72,2026-01-30,Comb,1,40.0,40.0,415.0
72,2026-01-30,Bindi_Packets,1,15.0,15.0,415.0
72,2026-01-30,Nail_Polish,4,60.0,240.0,415.0
72,2026-01-30,Sindoor,2,45.0,90.0,415.0
72,2026-01-30,Hair_Pins,3,10.0,30.0,415.0
73,2026-02-01,Plazo_Patiala_Pant,1,400.0,400.0,905.0
73,2026-02-01,Lipstick,3,85.0,255.0,905.0
73,2026-02-01,Hair_Clips,1,50.0,50.0,905.0
73,2026-02-01,Eyeliner,1,80.0,80.0,905.0
73,2026-02-01,Bindi_Packets,1,15.0,15.0,905.0
73,2026-02-01,Sindoor,3,35.0,105.0,905.0
74,2026-02-01,Pocket_Mirror,1,35.0,35.0,280.0
74,2026-02-01,Safety_Pins,2,10.0,20.0,280.0
74,2026-02-01,Finger_Ring,2,45.0,90.0,280.0
74,2026-02-01,Finger_Ring,3,40.0,120.0,280.0
74,2026-02-01,Bindi_Packets,1,15.0,15.0,280.0
75,2026-02-01,Comb,1,20.0,20.0,2155.0
75,2026-02-01,Fancy_Chain,4,45.0,180.0,2155.0
75,2026-02-01,Hair_Bands,3,30.0,90.0,2155.0
75,2026-02-01,Safety_Pins,3,10.0,30.0,2155.0
75,2026-02-01,Finger_Ring,1,55.0,55.0,2155.0
75,2026-02-01,Leggings,3,195.0,585.0,2155.0
75,2026-02-01,Lipstick,1,90.0,90.0,2155.0
75,2026-02-01,Hair_Bands,4,35.0,140.0,2155.0
75,2026-02-01,Necklace,1,525.0,525.0,2155.0
75,2026-02-01,Bangles,4,110.0,440.0,2155.0
76,2026-02-01,Eyeliner,1,95.0,95.0,595.0
76,2026-02-01,Earrings,2,120.0,240.0,595.0
76,2026-02-01,Eyeliner,1,100.0,100.0,595.0
76,2026-02-01,Fancy_Chain,1,45.0,45.0,595.0
76,2026-02-01,Bindi_Packets,2,10.0,20.0,595.0
76,2026-02-01,Comb,4,20.0,80.0,595.0
76,2026-02-01,Bindi_Packets,1,15.0,15.0,595.0
77,2026-02-01,Bangles,2,300.0,600.0,890.0
77,2026-02-01,Hair_Clips,1,70.0,70.0,890.0
77,2026-02-01,Nail_Polish,3,40.0,120.0,890.0
77,2026-02-01,Comb,1,50.0,50.0,890.0
77,2026-02-01,Bindi_Packets,1,10.0,10.0,890.0
77,2026-02-01,Hair_Pins,2,20.0,40.0,890.0
78,2026-02-02,Bindi_Packets,1,15.0,15.0,845.0
78,2026-02-02,Eyeliner,1,95.0,95.0,845.0
78,2026-02-02,Bindi_Packets,3,15.0,45.0,845.0
78,2026-02-02,Hair_Pins,2,10.0,20.0,845.0
78,2026-02-02,Sindoor,1,30.0,30.0,845.0
78,2026-02-02,Safety_Pins,1,10.0,10.0,845.0
78,2026-02-02,Bangles,3,90.0,270.0,845.0
78,2026-02-02,Bindi_Packets,1,15.0,15.0,845.0
78,2026-02-02,Bindi_Packets,4,15.0,60.0,845.0
78,2026-02-02,Sindoor,1,45.0,45.0,845.0
78,2026-02-02,Bindi_Packets,4,15.0,60.0,845.0
78,2026-02-02,Hair_Pins,1,10.0,10.0,845.0
78,2026-02-02,Earrings_,1,170.0,170.0,845.0
79,2026-02-02,Safety_Pins,1,10.0,10.0,630.0
79,2026-02-02,Leggings,1,185.0,185.0,630.0
79,2026-02-02,Hair_Clips,1,80.0,80.0,630.0
79,2026-02-02,Pocket_Mirror,4,35.0,140.0,630.0
79,2026-02-02,Sindoor,1,35.0,35.0,630.0
79,2026-02-02,Eyeliner,2,90.0,180.0,630.0
80,2026-02-05,Safety_Pins,1,25.0,25.0,1320.0
80,2026-02-05,Kajal,1,90.0,90.0,1320.0
80,2026-02-05,Razor,2,100.0,200.0,1320.0
80,2026-02-05,Earrings,1,205.0,205.0,1320.0
80,2026-02-05,Earrings,2,240.0,480.0,1320.0
80,2026-02-05,Eyeliner,4,80.0,320.0,1320.0
81,2026-02-05,Eyeliner,3,85.0,255.0,2220.0
81,2026-02-05,Lipstick,3,95.0,285.0,2220.0
81,2026-02-05,Hair_Bands,2,30.0,60.0,2220.0
81,2026-02-05,Bangles,3,130.0,390.0,2220.0
81,2026-02-05,Finger_Ring,2,55.0,110.0,2220.0
81,2026-02-05,Hair_Clips,1,60.0,60.0,2220.0
81,2026-02-05,Silk_Saree,1,850.0,850.0,2220.0
81,2026-02-05,Sindoor,1,30.0,30.0,2220.0
81,2026-02-05,Sindoor,4,45.0,180.0,2220.0
82,2026-02-07,Hair_Pins,2,10.0,20.0,1220.0
82,2026-02-07,Kajal,1,70.0,70.0,1220.0
82,2026-02-07,Hair_Pins,1,30.0,30.0,1220.0
82,2026-02-07,Comb,3,50.0,150.0,1220.0
82,2026-02-07,Earrings,1,155.0,155.0,1220.0
82,2026-02-07,Bangles,1,50.0,50.0,1220.0
82,2026-02-07,Earrings,3,205.0,615.0,1220.0
82,2026-02-07,Fancy_Chain,2,65.0,130.0,1220.0
83,2026-02-07,Lipstick,3,95.0,285.0,1005.0
83,2026-02-07,Lipstick,4,95.0,380.0,1005.0
83,2026-02-07,Finger_Ring,3,40.0,120.0,1005.0
83,2026-02-07,Fancy_Chain,1,85.0,85.0,1005.0
83,2026-02-07,Comb,4,30.0,120.0,1005.0
83,2026-02-07,Hair_Pins,1,15.0,15.0,1005.0
84,2026-02-07,Hair_Bands,1,35.0,35.0,1215.0
84,2026-02-07,Fancy_Chain,1,125.0,125.0,1215.0
84,2026-02-07,Earrings,2,155.0,310.0,1215.0
84,2026-02-07,Safety_Pins,4,25.0,100.0,1215.0
84,2026-02-07,Bangles_,1,450.0,450.0,1215.0
84,2026-02-07,Safety_Pins,2,25.0,50.0,1215.0
84,2026-02-07,Pocket_Mirror,1,75.0,75.0,1215.0
84,2026-02-07,Hair_Clips,1,70.0,70.0,1215.0
85,2026-02-09,Sindoor,2,45.0,90.0,1170.0
85,2026-02-09,Kajal,1,90.0,90.0,1170.0
85,2026-02-09,Finger_Ring,3,65.0,195.0,1170.0
85,2026-02-09,Safety_Pins,1,10.0,10.0,1170.0
85,2026-02-09,Lipstick,2,85.0,170.0,1170.0
85,2026-02-09,Bindi_Packets,1,15.0,15.0,1170.0
85,2026-02-09,Bangles,2,50.0,100.0,1170.0
85,2026-02-09,Fancy_Chain,4,125.0,500.0,1170.0
86,2026-02-09,Nail_Polish,1,40.0,40.0,950.0
86,2026-02-09,Hair_Clips,4,50.0,200.0,950.0
86,2026-02-09,Lipstick,4,85.0,340.0,950.0
86,2026-02-09,Bangles,1,110.0,110.0,950.0
86,2026-02-09,Safety_Pins,1,10.0,10.0,950.0
86,2026-02-09,Earrings,1,240.0,240.0,950.0
86,2026-02-09,Bindi_Packets,1,10.0,10.0,950.0
87,2026-02-09,Bindi_Packets,1,15.0,15.0,1460.0
87,2026-02-09,Earrings,2,85.0,170.0,1460.0
87,2026-02-09,Finger_Ring,1,85.0,85.0,1460.0
87,2026-02-09,Hair_Pins,1,15.0,15.0,1460.0
87,2026-02-09,Bindi_Packets,4,15.0,60.0,1460.0
87,2026-02-09,Hair_Bands,1,40.0,40.0,1460.0
87,2026-02-09,Earrings,3,155.0,465.0,1460.0
87,2026-02-09,Sindoor,3,30.0,90.0,1460.0
87,2026-02-09,Bangles,4,130.0,520.0,1460.0
88,2026-02-10,Safety_Pins,4,10.0,40.0,1885.0
88,2026-02-10,Safety_Pins,1,10.0,10.0,1885.0
88,2026-02-10,Finger_Ring,3,45.0,135.0,1885.0
88,2026-02-10,Bindi_Packets,2,15.0,30.0,1885.0
88,2026-02-10,Hair_Bands,1,25.0,25.0,1885.0
88,2026-02-10,Bangles,1,250.0,250.0,1885.0
88,2026-02-10,Kids_dress,1,725.0,725.0,1885.0
88,2026-02-10,Eyeliner,3,100.0,300.0,1885.0
88,2026-02-10,Pocket_Mirror,2,35.0,70.0,1885.0
88,2026-02-10,Razor,3,100.0,300.0,1885.0
89,2026-02-10,Sindoor,1,35.0,35.0,35.0
90,2026-02-10,Finger_Ring,4,45.0,180.0,630.0
90,2026-02-10,Safety_Pins,1,25.0,25.0,630.0
90,2026-02-10,Bindi_Packets,1,10.0,10.0,630.0
90,2026-02-10,Nail_Polish,1,50.0,50.0,630.0
90,2026-02-10,Bindi_Packets,1,10.0,10.0,630.0
90,2026-02-10,Plazo_Patiala_Pant,1,250.0,250.0,630.0
90,2026-02-10,Pocket_Mirror,3,35.0,105.0,630.0
91,2026-02-10,Bangles,3,130.0,390.0,2000.0
91,2026-02-10,Nighty,2,325.0,650.0,2000.0
91,2026-02-10,Leggings,2,195.0,390.0,2000.0
91,2026-02-10,Sindoor,4,30.0,120.0,2000.0
91,2026-02-10,Safety_Pins,1,10.0,10.0,2000.0
91,2026-02-10,Bangles,4,50.0,200.0,2000.0
91,2026-02-10,Earrings,1,240.0,240.0,2000.0
92,2026-02-10,Bindi_Packets,1,10.0,10.0,775.0
92,2026-02-10,Earrings,4,120.0,480.0,775.0
92,2026-02-10,Kajal,3,70.0,210.0,775.0
92,2026-02-10,Pocket_Mirror,1,75.0,75.0,775.0
93,2026-02-10,Sindoor,2,40.0,80.0,1995.0
93,2026-02-10,Hair_Bands,4,25.0,100.0,1995.0
93,2026-02-10,Safety_Pins,1,25.0,25.0,1995.0
93,2026-02-10,Hair_Pins,4,30.0,120.0,1995.0
93,2026-02-10,Hair_Bands,2,30.0,60.0,1995.0
93,2026-02-10,Kajal,1,90.0,90.0,1995.0
93,2026-02-10,Hair_Pins,4,15.0,60.0,1995.0
93,2026-02-10,Necklace,1,475.0,475.0,1995.0
93,2026-02-10,Lipstick,2,80.0,160.0,1995.0
93,2026-02-10,Eyeliner,3,100.0,300.0,1995.0
93,2026-02-10,Earrings,1,120.0,120.0,1995.0
93,2026-02-10,Bangles,4,90.0,360.0,1995.0
93,2026-02-10,Fancy_Chain,1,45.0,45.0,1995.0
94,2026-02-11,Safety_Pins,1,25.0,25.0,65.0
94,2026-02-11,Sindoor,1,40.0,40.0,65.0
95,2026-02-11,Sindoor,1,25.0,25.0,1635.0
95,2026-02-11,Bangles,2,110.0,220.0,1635.0
95,2026-02-11,Hair_Bands,4,35.0,140.0,1635.0
95,2026-02-11,Bindi_Packets,2,15.0,30.0,1635.0
95,2026-02-11,Hair_Pins,4,25.0,100.0,1635.0
95,2026-02-11,Hair_Pins,4,10.0,40.0,1635.0
95,2026-02-11,Plazo_Patiala_Pant,4,250.0,1000.0,1635.0
95,2026-02-11,Hair_Clips,2,40.0,80.0,1635.0
96,2026-02-11,Lipstick,3,95.0,285.0,825.0
96,2026-02-11,Bangles,1,300.0,300.0,825.0
96,2026-02-11,Hair_Bands,3,20.0,60.0,825.0
96,2026-02-11,Bindi_Packets,1,10.0,10.0,825.0
96,2026-02-11,Bindi_Packets,1,10.0,10.0,825.0
96,2026-02-11,Bindi_Packets,1,10.0,10.0,825.0
96,2026-02-11,Comb,3,50.0,150.0,825.0
97,2026-02-11,Bindi_Packets,1,10.0,10.0,1870.0
97,2026-02-11,Hair_Pins,4,10.0,40.0,1870.0
97,2026-02-11,Lipstick,3,100.0,300.0,1870.0
97,2026-02-11,Comb,4,20.0,80.0,1870.0
97,2026-02-11,Safety_Pins,1,10.0,10.0,1870.0
97,2026-02-11,Bindi_Packets,1,15.0,15.0,1870.0
97,2026-02-11,Bindi_Packets,4,15.0,60.0,1870.0
97,2026-02-11,Lipstick,3,95.0,285.0,1870.0
97,2026-02-11,Kurti_Chudidar_Top,2,535.0,1070.0,1870.0
98,2026-02-12,Comb,2,50.0,100.0,500.0
98,2026-02-12,Fancy_Chain,1,105.0,105.0,500.0
98,2026-02-12,Comb,4,30.0,120.0,500.0
98,2026-02-12,Comb,3,20.0,60.0,500.0
98,2026-02-12,Sindoor,1,25.0,25.0,500.0
98,2026-02-12,Nail_Polish,2,45.0,90.0,500.0
99,2026-02-12,Bindi_Packets,1,10.0,10.0,480.0
99,2026-02-12,Comb,2,20.0,40.0,480.0
99,2026-02-12,Plazo_Patiala_Pant,1,250.0,250.0,480.0
99,2026-02-12,Hair_Bands,2,20.0,40.0,480.0
99,2026-02-12,Hair_Bands,3,25.0,75.0,480.0
99,2026-02-12,Finger_Ring,1,65.0,65.0,480.0
100,2026-02-13,Leggings,1,205.0,205.0,1350.0
100,2026-02-13,Pocket_Mirror,1,35.0,35.0,1350.0
100,2026-02-13,Plazo_Patiala_Pant,1,300.0,300.0,1350.0
100,2026-02-13,Bangles,4,90.0,360.0,1350.0
100,2026-02-13,Pocket_Mirror,4,50.0,200.0,1350.0
100,2026-02-13,Plazo_Patiala_Pant,1,250.0,250.0,1350.0
101,2026-02-13,Safety_Pins,3,25.0,75.0,245.0
101,2026-02-13,Earrings_,1,170.0,170.0,245.0
102,2026-02-13,Comb,2,60.0,120.0,2195.0
102,2026-02-13,Earrings,1,190.0,190.0,2195.0
102,2026-02-13,Kids_dress,1,800.0,800.0,2195.0
102,2026-02-13,Hair_Pins,2,10.0,20.0,2195.0
102,2026-02-13,Hair_Pins,1,20.0,20.0,2195.0
102,2026-02-13,Hair_Pins,1,10.0,10.0,2195.0
102,2026-02-13,Necklace,1,475.0,475.0,2195.0
102,2026-02-13,Pocket_Mirror,3,35.0,105.0,2195.0
102,2026-02-13,Bindi_Packets,1,15.0,15.0,2195.0
102,2026-02-13,Pocket_Mirror,4,50.0,200.0,2195.0
102,2026-02-13,Comb,4,60.0,240.0,2195.0
103,2026-02-13,Finger_Ring,3,45.0,135.0,735.0
103,2026-02-13,Kurti_Chudidar_Top,1,410.0,410.0,735.0
103,2026-02-13,Earrings,1,190.0,190.0,735.0
104,2026-02-14,Safety_Pins,1,10.0,10.0,390.0
104,2026-02-14,Eyeliner,3,80.0,240.0,390.0
104,2026-02-14,Nail_Polish,1,60.0,60.0,390.0
104,2026-02-14,Comb,1,50.0,50.0,390.0
104,2026-02-14,Bindi_Packets,3,10.0,30.0,390.0
105,2026-02-14,Eyeliner,3,90.0,270.0,860.0
105,2026-02-14,Pocket_Mirror,1,75.0,75.0,860.0
105,2026-02-14,Bangles,4,90.0,360.0,860.0
105,2026-02-14,Comb,2,60.0,120.0,860.0
105,2026-02-14,Pocket_Mirror,1,35.0,35.0,860.0
106,2026-02-14,Bangles,1,400.0,400.0,950.0
106,2026-02-14,Hair_Clips,1,40.0,40.0,950.0
106,2026-02-14,Hair_Pins,1,20.0,20.0,950.0
106,2026-02-14,Hair_Bands,3,35.0,105.0,950.0
106,2026-02-14,Fancy_Chain,4,65.0,260.0,950.0
106,2026-02-14,Razor,1,100.0,100.0,950.0
106,2026-02-14,Sindoor,1,25.0,25.0,950.0
107,2026-02-14,Nail_Polish,1,40.0,40.0,1130.0
107,2026-02-14,Earrings,3,50.0,150.0,1130.0
107,2026-02-14,Leggings,1,175.0,175.0,1130.0
107,2026-02-14,Pocket_Mirror,1,50.0,50.0,1130.0
107,2026-02-14,Fancy_Chain,1,65.0,65.0,1130.0
107,2026-02-14,Sindoor,4,35.0,140.0,1130.0
107,2026-02-14,Nail_Polish,1,50.0,50.0,1130.0
107,2026-02-14,Earrings,2,120.0,240.0,1130.0
107,2026-02-14,Finger_Ring,4,55.0,220.0,1130.0
108,2026-02-16,Bindi_Packets,1,15.0,15.0,1750.0
108,2026-02-16,Kids_dress,1,750.0,750.0,1750.0
108,2026-02-16,Hair_Bands,3,25.0,75.0,1750.0
108,2026-02-16,Hair_Pins,2,30.0,60.0,1750.0
108,2026-02-16,Necklace,1,450.0,450.0,1750.0
108,2026-02-16,Earrings,2,190.0,380.0,1750.0
108,2026-02-16,Comb,1,20.0,20.0,1750.0
109,2026-02-16,Sindoor,2,25.0,50.0,1020.0
109,2026-02-16,Hair_Pins,1,10.0,10.0,1020.0
109,2026-02-16,Lipstick,1,85.0,85.0,1020.0
109,2026-02-16,Hair_Clips,1,70.0,70.0,1020.0
109,2026-02-16,Hair_Bands,1,20.0,20.0,1020.0
109,2026-02-16,Hair_Bands,2,20.0,40.0,1020.0
109,2026-02-16,Leggings,1,205.0,205.0,1020.0
109,2026-02-16,Hair_Clips,4,40.0,160.0,1020.0
109,2026-02-16,Bangles,3,110.0,330.0,1020.0
109,2026-02-16,Hair_Bands,1,40.0,40.0,1020.0
109,2026-02-16,Bindi_Packets,1,10.0,10.0,1020.0
110,2026-02-16,Bindi_Packets,1,10.0,10.0,385.0
110,2026-02-16,Hair_Clips,2,60.0,120.0,385.0
110,2026-02-16,Nail_Polish,3,60.0,180.0,385.0
110,2026-02-16,Nail_Polish,1,50.0,50.0,385.0
110,2026-02-16,Hair_Pins,1,25.0,25.0,385.0
111,2026-02-16,Kajal,1,90.0,90.0,3140.0
111,2026-02-16,Bangles,4,70.0,280.0,3140.0
111,2026-02-16,Bangles,3,50.0,150.0,3140.0
111,2026-02-16,Earrings_,2,170.0,340.0,3140.0
111,2026-02-16,Kurti_Chudidar_Top,1,535.0,535.0,3140.0
111,2026-02-16,Fancy_Chain,1,85.0,85.0,3140.0
111,2026-02-16,Earrings_,2,170.0,340.0,3140.0
111,2026-02-16,Leggings,2,185.0,370.0,3140.0
111,2026-02-16,Silk_Saree,1,950.0,950.0,3140.0
112,2026-02-16,Leggings,1,175.0,175.0,805.0
112,2026-02-16,Hair_Clips,3,80.0,240.0,805.0
112,2026-02-16,Pocket_Mirror,2,75.0,150.0,805.0
112,2026-02-16,Earrings,2,85.0,170.0,805.0
112,2026-02-16,Hair_Bands,2,20.0,40.0,805.0
112,2026-02-16,Hair_Pins,1,30.0,30.0,805.0
113,2026-02-17,Eyeliner,2,90.0,180.0,795.0
113,2026-02-17,Safety_Pins,1,25.0,25.0,795.0
113,2026-02-17,Sindoor,3,40.0,120.0,795.0
113,2026-02-17,Hair_Bands,2,25.0,50.0,795.0
113,2026-02-17,Lipstick,1,80.0,80.0,795.0
113,2026-02-17,Finger_Ring,4,85.0,340.0,795.0
114,2026-02-17,Hair_Pins,4,15.0,60.0,690.0
114,2026-02-17,Sindoor,4,25.0,100.0,690.0
114,2026-02-17,Lipstick,3,95.0,285.0,690.0
114,2026-02-17,Fancy_Chain,3,65.0,195.0,690.0
114,2026-02-17,Bangles,1,50.0,50.0,690.0
115,2026-02-17,Eyeliner,3,90.0,270.0,2115.0
115,2026-02-17,Fancy_Chain,4,65.0,260.0,2115.0
115,2026-02-17,Fancy_Chain,2,125.0,250.0,2115.0
115,2026-02-17,Earrings,1,240.0,240.0,2115.0
115,2026-02-17,Nail_Polish,1,45.0,45.0,2115.0
115,2026-02-17,Necklace,1,450.0,450.0,2115.0
115,2026-02-17,Hair_Clips,2,40.0,80.0,2115.0
115,2026-02-17,Earrings,4,85.0,340.0,2115.0
115,2026-02-17,Eyeliner,2,90.0,180.0,2115.0
116,2026-02-18,Earrings,2,85.0,170.0,875.0
116,2026-02-18,Nail_Polish,1,50.0,50.0,875.0
116,2026-02-18,Earrings,4,85.0,340.0,875.0
116,2026-02-18,Leggings,1,185.0,185.0,875.0
116,2026-02-18,Hair_Clips,2,40.0,80.0,875.0
116,2026-02-18,Hair_Bands,2,25.0,50.0,875.0
117,2026-02-18,Earrings,2,120.0,240.0,510.0
117,2026-02-18,Hair_Bands,1,35.0,35.0,510.0
117,2026-02-18,Hair_Pins,1,15.0,15.0,510.0
117,2026-02-18,Fancy_Chain,1,65.0,65.0,510.0
117,2026-02-18,Sindoor,4,35.0,140.0,510.0
117,2026-02-18,Bindi_Packets,1,15.0,15.0,510.0
118,2026-02-19,Safety_Pins,1,10.0,10.0,960.0
118,2026-02-19,Hair_Pins,1,20.0,20.0,960.0
118,2026-02-19,Necklace,2,450.0,900.0,960.0
118,2026-02-19,Hair_Pins,1,20.0,20.0,960.0
118,2026-02-19,Safety_Pins,1,10.0,10.0,960.0
119,2026-02-20,Sindoor,3,45.0,135.0,630.0
119,2026-02-20,Nail_Polish,4,55.0,220.0,630.0
119,2026-02-20,Finger_Ring,1,65.0,65.0,630.0
119,2026-02-20,Kajal,3,70.0,210.0,630.0
120,2026-02-21,Bindi_Packets,1,15.0,15.0,460.0
120,2026-02-21,Lipstick,3,80.0,240.0,460.0
120,2026-02-21,Bindi_Packets,4,15.0,60.0,460.0
120,2026-02-21,Hair_Pins,4,30.0,120.0,460.0
120,2026-02-21,Hair_Pins,1,15.0,15.0,460.0
120,2026-02-21,Hair_Pins,1,10.0,10.0,460.0
121,2026-02-21,Necklace,1,475.0,475.0,1285.0
121,2026-02-21,Comb,1,20.0,20.0,1285.0
121,2026-02-21,Bindi_Packets,4,15.0,60.0,1285.0
121,2026-02-21,Sindoor,2,40.0,80.0,1285.0
121,2026-02-21,Finger_Ring,1,85.0,85.0,1285.0
121,2026-02-21,Pocket_Mirror,2,75.0,150.0,1285.0
121,2026-02-21,Nighty,1,325.0,325.0,1285.0
121,2026-02-21,Hair_Bands,3,30.0,90.0,1285.0
122,2026-02-21,Bindi_Packets,4,10.0,40.0,1520.0
122,2026-02-21,Fancy_Chain,4,105.0,420.0,1520.0
122,2026-02-21,Hair_Bands,2,25.0,50.0,1520.0
122,2026-02-21,Hair_Bands,1,30.0,30.0,1520.0
122,2026-02-21,Earrings,4,240.0,960.0,1520.0
122,2026-02-21,Hair_Pins,1,20.0,20.0,1520.0
123,2026-02-22,Bangles,2,130.0,260.0,1355.0
123,2026-02-22,Bangles,2,300.0,600.0,1355.0
123,2026-02-22,Kajal,1,70.0,70.0,1355.0
123,2026-02-22,Hair_Pins,1,25.0,25.0,1355.0
123,2026-02-22,Bindi_Packets,1,10.0,10.0,1355.0
123,2026-02-22,Hair_Clips,2,80.0,160.0,1355.0
123,2026-02-22,Nail_Polish,1,50.0,50.0,1355.0
123,2026-02-22,Bangles,1,50.0,50.0,1355.0
123,2026-02-22,Hair_Pins,1,20.0,20.0,1355.0
123,2026-02-22,Nail_Polish,2,55.0,110.0,1355.0
124,2026-02-22,Comb,1,20.0,20.0,1295.0
124,2026-02-22,Lipstick,1,90.0,90.0,1295.0
124,2026-02-22,Kurti_Chudidar_Top,2,585.0,1170.0,1295.0
124,2026-02-22,Hair_Pins,1,15.0,15.0,1295.0
125,2026-02-23,Nighty,1,525.0,525.0,2720.0
125,2026-02-23,Hair_Pins,1,20.0,20.0,2720.0
125,2026-02-23,Necklace,1,790.0,790.0,2720.0
125,2026-02-23,Nail_Polish,2,55.0,110.0,2720.0
125,2026-02-23,Nighty,2,525.0,1050.0,2720.0
125,2026-02-23,Hair_Pins,3,30.0,90.0,2720.0
125,2026-02-23,Nail_Polish,3,45.0,135.0,2720.0
126,2026-02-23,Safety_Pins,2,25.0,50.0,620.0
126,2026-02-23,Hair_Clips,1,50.0,50.0,620.0
126,2026-02-23,Hair_Pins,1,30.0,30.0,620.0
126,2026-02-23,Bangles,1,400.0,400.0,620.0
126,2026-02-23,Razor,1,90.0,90.0,620.0
127,2026-02-23,Lipstick,4,90.0,360.0,1265.0
127,2026-02-23,Leggings,1,195.0,195.0,1265.0
127,2026-02-23,Nail_Polish,4,55.0,220.0,1265.0
127,2026-02-23,Hair_Bands,3,30.0,90.0,1265.0
127,2026-02-23,Earrings,1,205.0,205.0,1265.0
127,2026-02-23,Safety_Pins,1,20.0,20.0,1265.0
127,2026-02-23,Nail_Polish,3,50.0,150.0,1265.0
127,2026-02-23,Hair_Pins,1,25.0,25.0,1265.0
128,2026-02-23,Pocket_Mirror,4,50.0,200.0,1260.0
128,2026-02-23,Lipstick,4,85.0,340.0,1260.0
128,2026-02-23,Bindi_Packets,1,15.0,15.0,1260.0
128,2026-02-23,Hair_Clips,1,60.0,60.0,1260.0
128,2026-02-23,Hair_Pins,3,15.0,45.0,1260.0
128,2026-02-23,Hair_Bands,2,30.0,60.0,1260.0
128,2026-02-23,Comb,4,20.0,80.0,1260.0
128,2026-02-23,Hair_Pins,1,20.0,20.0,1260.0
128,2026-02-23,Hair_Bands,3,25.0,75.0,1260.0
128,2026-02-23,Finger_Ring,1,85.0,85.0,1260.0
128,2026-02-23,Hair_Clips,4,70.0,280.0,1260.0
129,2026-02-24,Eyeliner,2,95.0,190.0,1985.0
129,2026-02-24,Bangles,3,90.0,270.0,1985.0
129,2026-02-24,Hair_Pins,1,10.0,10.0,1985.0
129,2026-02-24,Finger_Ring,1,85.0,85.0,1985.0
129,2026-02-24,Earrings,1,120.0,120.0,1985.0
129,2026-02-24,Kurti_Chudidar_Top,1,485.0,485.0,1985.0
129,2026-02-24,Necklace,1,790.0,790.0,1985.0
129,2026-02-24,Hair_Pins,1,15.0,15.0,1985.0
129,2026-02-24,Bindi_Packets,2,10.0,20.0,1985.0
130,2026-02-24,Necklace,1,790.0,790.0,1035.0
130,2026-02-24,Safety_Pins,2,10.0,20.0,1035.0
130,2026-02-24,Kajal,3,70.0,210.0,1035.0
130,2026-02-24,Bindi_Packets,1,15.0,15.0,1035.0
131,2026-02-25,Bindi_Packets,1,15.0,15.0,1325.0
131,2026-02-25,Hair_Clips,2,40.0,80.0,1325.0
131,2026-02-25,Sindoor,1,35.0,35.0,1325.0
131,2026-02-25,Hair_Bands,2,30.0,60.0,1325.0
131,2026-02-25,Hair_Clips,3,40.0,120.0,1325.0
131,2026-02-25,Kurti_Chudidar_Top,1,510.0,510.0,1325.0
131,2026-02-25,Hair_Clips,1,80.0,80.0,1325.0
131,2026-02-25,Razor,4,100.0,400.0,1325.0
131,2026-02-25,Hair_Pins,1,25.0,25.0,1325.0
132,2026-02-25,Fancy_Chain,1,45.0,45.0,260.0
132,2026-02-25,Bindi_Packets,1,15.0,15.0,260.0
132,2026-02-25,Lipstick,2,100.0,200.0,260.0
133,2026-02-25,Earrings,2,120.0,240.0,270.0
133,2026-02-25,Hair_Pins,1,20.0,20.0,270.0
133,2026-02-25,Safety_Pins,1,10.0,10.0,270.0
134,2026-02-26,Bangles,1,250.0,250.0,2115.0
134,2026-02-26,Comb,4,40.0,160.0,2115.0
134,2026-02-26,Kids_dress,1,675.0,675.0,2115.0
134,2026-02-26,Safety_Pins,2,25.0,50.0,2115.0
134,2026-02-26,Necklace,1,450.0,450.0,2115.0
134,2026-02-26,Earrings,1,50.0,50.0,2115.0
134,2026-02-26,Earrings,2,240.0,480.0,2115.0
135,2026-02-26,Earrings,2,85.0,170.0,1055.0
135,2026-02-26,Hair_Bands,1,30.0,30.0,1055.0
135,2026-02-26,Kurti_Chudidar_Top,1,535.0,535.0,1055.0
135,2026-02-26,Hair_Bands,2,25.0,50.0,1055.0
135,2026-02-26,Nail_Polish,1,50.0,50.0,1055.0
135,2026-02-26,Safety_Pins,2,25.0,50.0,1055.0
135,2026-02-26,Eyeliner,1,80.0,80.0,1055.0
135,2026-02-26,Comb,3,30.0,90.0,1055.0
136,2026-02-26,Lipstick,4,90.0,360.0,2225.0
136,2026-02-26,Comb,1,40.0,40.0,2225.0
136,2026-02-26,Bangles,3,50.0,150.0,2225.0
136,2026-02-26,Safety_Pins,1,10.0,10.0,2225.0
136,2026-02-26,Kajal,3,90.0,270.0,2225.0
136,2026-02-26,Nail_Polish,3,45.0,135.0,2225.0
136,2026-02-26,Pocket_Mirror,2,50.0,100.0,2225.0
136,2026-02-26,Fancy_Chain,4,85.0,340.0,2225.0
136,2026-02-26,Earrings,4,205.0,820.0,2225.0
137,2026-02-27,Bindi_Packets,1,15.0,15.0,1070.0
137,2026-02-27,Bindi_Packets,1,15.0,15.0,1070.0
137,2026-02-27,Hair_Bands,1,35.0,35.0,1070.0
137,2026-02-27,Fancy_Chain,4,85.0,340.0,1070.0
137,2026-02-27,Hair_Pins,1,20.0,20.0,1070.0
137,2026-02-27,Nail_Polish,1,50.0,50.0,1070.0
137,2026-02-27,Razor,4,100.0,400.0,1070.0
137,2026-02-27,Finger_Ring,3,65.0,195.0,1070.0
138,2026-02-27,Nail_Polish,1,55.0,55.0,1315.0
138,2026-02-27,Finger_Ring,2,65.0,130.0,1315.0
138,2026-02-27,Catalogue_Sareee,1,740.0,740.0,1315.0
138,2026-02-27,Finger_Ring,4,55.0,220.0,1315.0
138,2026-02-27,Finger_Ring,2,85.0,170.0,1315.0
139,2026-02-28,Hair_Clips,1,70.0,70.0,1595.0
139,2026-02-28,Bindi_Packets,2,15.0,30.0,1595.0
139,2026-02-28,Hair_Pins,2,10.0,20.0,1595.0
139,2026-02-28,Pocket_Mirror,2,35.0,70.0,1595.0
139,2026-02-28,Sindoor,3,35.0,105.0,1595.0
139,2026-02-28,Finger_Ring,3,65.0,195.0,1595.0
139,2026-02-28,Safety_Pins,1,10.0,10.0,1595.0
139,2026-02-28,Bindi_Packets,1,15.0,15.0,1595.0
139,2026-02-28,Nail_Polish,3,60.0,180.0,1595.0
139,2026-02-28,Silk_Saree,1,900.0,900.0,1595.0
140,2026-02-28,Sindoor,3,30.0,90.0,430.0
140,2026-02-28,Pocket_Mirror,1,50.0,50.0,430.0
140,2026-02-28,Hair_Clips,4,60.0,240.0,430.0
140,2026-02-28,Hair_Clips,1,50.0,50.0,430.0
141,2026-03-01,Finger_Ring,4,85.0,340.0,870.0
141,2026-03-01,Razor,1,100.0,100.0,870.0
141,2026-03-01,Hair_Bands,4,35.0,140.0,870.0
141,2026-03-01,Hair_Pins,2,25.0,50.0,870.0
141,2026-03-01,Lipstick,1,95.0,95.0,870.0
141,2026-03-01,Bindi_Packets,2,10.0,20.0,870.0
141,2026-03-01,Sindoor,3,30.0,90.0,870.0
141,2026-03-01,Hair_Pins,1,10.0,10.0,870.0
141,2026-03-01,Sindoor,1,25.0,25.0,870.0
142,2026-03-01,Safety_Pins,2,10.0,20.0,1205.0
142,2026-03-01,Hair_Bands,2,20.0,40.0,1205.0
142,2026-03-01,Nighty,1,325.0,325.0,1205.0
142,2026-03-01,Nighty,1,325.0,325.0,1205.0
142,2026-03-01,Sindoor,4,45.0,180.0,1205.0
142,2026-03-01,Pocket_Mirror,2,50.0,100.0,1205.0
142,2026-03-01,Hair_Bands,4,25.0,100.0,1205.0
142,2026-03-01,Hair_Pins,1,10.0,10.0,1205.0
142,2026-03-01,Sindoor,3,35.0,105.0,1205.0
143,2026-03-02,Eyeliner,1,95.0,95.0,255.0
143,2026-03-02,Finger_Ring,1,45.0,45.0,255.0
143,2026-03-02,Hair_Pins,1,25.0,25.0,255.0
143,2026-03-02,Hair_Clips,1,80.0,80.0,255.0
143,2026-03-02,Bindi_Packets,1,10.0,10.0,255.0
144,2026-03-02,Sindoor,2,25.0,50.0,1240.0
144,2026-03-02,Comb,1,20.0,20.0,1240.0
144,2026-03-02,Leggings,1,185.0,185.0,1240.0
144,2026-03-02,Safety_Pins,3,10.0,30.0,1240.0
144,2026-03-02,Bangles_,2,450.0,900.0,1240.0
144,2026-03-02,Hair_Pins,1,10.0,10.0,1240.0
144,2026-03-02,Bindi_Packets,3,15.0,45.0,1240.0
145,2026-03-02,Hair_Pins,4,10.0,40.0,1100.0
145,2026-03-02,Finger_Ring,4,85.0,340.0,1100.0
145,2026-03-02,Safety_Pins,1,25.0,25.0,1100.0
145,2026-03-02,Bangles,1,70.0,70.0,1100.0
145,2026-03-02,Hair_Clips,3,50.0,150.0,1100.0
145,2026-03-02,Hair_Pins,1,25.0,25.0,1100.0
145,2026-03-02,Necklace,1,450.0,450.0,1100.0
146,2026-03-03,Fancy_Chain,1,105.0,105.0,2050.0
146,2026-03-03,Nighty,1,425.0,425.0,2050.0
146,2026-03-03,Eyeliner,3,85.0,255.0,2050.0
146,2026-03-03,Sindoor,2,25.0,50.0,2050.0
146,2026-03-03,Sindoor,4,45.0,180.0,2050.0
146,2026-03-03,Lipstick,4,100.0,400.0,2050.0
146,2026-03-03,Hair_Bands,2,30.0,60.0,2050.0
146,2026-03-03,Hair_Clips,1,80.0,80.0,2050.0
146,2026-03-03,Bindi_Packets,4,15.0,60.0,2050.0
146,2026-03-03,Nail_Polish,4,60.0,240.0,2050.0
146,2026-03-03,Fancy_Chain,3,65.0,195.0,2050.0
147,2026-03-03,Sindoor,1,35.0,35.0,595.0
147,2026-03-03,Hair_Pins,1,20.0,20.0,595.0
147,2026-03-03,Fancy_Chain,1,105.0,105.0,595.0
147,2026-03-03,Comb,2,30.0,60.0,595.0
147,2026-03-03,Fancy_Chain,1,45.0,45.0,595.0
147,2026-03-03,Comb,2,20.0,40.0,595.0
147,2026-03-03,Nail_Polish,1,50.0,50.0,595.0
147,2026-03-03,Earrings,1,240.0,240.0,595.0
148,2026-03-03,Kids_dress,1,625.0,625.0,1545.0
148,2026-03-03,Fancy_Chain,3,125.0,375.0,1545.0
148,2026-03-03,Bangles,2,70.0,140.0,1545.0
148,2026-03-03,Bindi_Packets,4,10.0,40.0,1545.0
148,2026-03-03,Hair_Clips,1,50.0,50.0,1545.0
148,2026-03-03,Leggings,1,195.0,195.0,1545.0
148,2026-03-03,Hair_Clips,3,40.0,120.0,1545.0
149,2026-03-04,Sindoor,4,30.0,120.0,425.0
149,2026-03-04,Fancy_Chain,1,125.0,125.0,425.0
149,2026-03-04,Hair_Clips,3,60.0,180.0,425.0
150,2026-03-04,Bindi_Packets,3,15.0,45.0,2095.0
150,2026-03-04,Comb,3,30.0,90.0,2095.0
150,2026-03-04,Bangles,2,300.0,600.0,2095.0
150,2026-03-04,Hair_Pins,4,10.0,40.0,2095.0
150,2026-03-04,Eyeliner,2,85.0,170.0,2095.0
150,2026-03-04,Lipstick,1,80.0,80.0,2095.0
150,2026-03-04,Earrings,2,240.0,480.0,2095.0
150,2026-03-04,Plazo_Patiala_Pant,1,350.0,350.0,2095.0
150,2026-03-04,Comb,4,60.0,240.0,2095.0
151,2026-03-05,Bindi_Packets,1,15.0,15.0,75.0
151,2026-03-05,Bindi_Packets,4,15.0,60.0,75.0
152,2026-03-05,Hair_Pins,4,25.0,100.0,100.0
153,2026-03-06,Comb,4,50.0,200.0,245.0
153,2026-03-06,Fancy_Chain,1,45.0,45.0,245.0
154,2026-03-07,Leggings,1,185.0,185.0,260.0
154,2026-03-07,Sindoor,3,25.0,75.0,260.0
155,2026-03-07,Hair_Bands,3,35.0,105.0,115.0
155,2026-03-07,Hair_Pins,1,10.0,10.0,115.0
156,2026-03-07,Sindoor,4,30.0,120.0,120.0
157,2026-03-08,Sindoor,1,40.0,40.0,65.0
157,2026-03-08,Hair_Pins,1,25.0,25.0,65.0
158,2026-03-08,Bindi_Packets,1,15.0,15.0,740.0
158,2026-03-08,Kids_dress,1,725.0,725.0,740.0
159,2026-03-08,Sindoor,4,25.0,100.0,100.0
160,2026-03-08,Sindoor,2,25.0,50.0,50.0
161,2026-03-09,Hair_Bands,3,35.0,105.0,105.0
162,2026-03-09,Hair_Pins,4,10.0,40.0,275.0
162,2026-03-09,Hair_Bands,2,35.0,70.0,275.0
162,2026-03-09,Nail_Polish,3,55.0,165.0,275.0
163,2026-03-11,Bindi_Packets,2,15.0,30.0,90.0
163,2026-03-11,Nail_Polish,1,60.0,60.0,90.0
164,2026-03-13,Leggings,1,185.0,185.0,290.0
164,2026-03-13,Hair_Bands,3,35.0,105.0,290.0
165,2026-03-13,Bindi_Packets,1,15.0,15.0,205.0
165,2026-03-13,Eyeliner,2,95.0,190.0,205.0
166,2026-03-14,Bangles,3,110.0,330.0,1485.0
166,2026-03-14,Plazo_Patiala_Pant,2,450.0,900.0,1485.0
166,2026-03-14,Earrings,3,85.0,255.0,1485.0
167,2026-03-14,Sindoor,4,30.0,120.0,250.0
167,2026-03-14,Safety_Pins,2,20.0,40.0,250.0
167,2026-03-14,Bangles,1,90.0,90.0,250.0
168,2026-03-14,Hair_Pins,4,15.0,60.0,60.0
169,2026-03-14,Hair_Pins,2,15.0,30.0,75.0
169,2026-03-14,Hair_Pins,3,15.0,45.0,75.0
170,2026-03-15,Bangles_,1,450.0,450.0,1125.0
170,2026-03-15,Kids_dress,1,675.0,675.0,1125.0
171,2026-03-15,Safety_Pins,2,10.0,20.0,215.0
171,2026-03-15,Fancy_Chain,3,65.0,195.0,215.0
172,2026-03-15,Hair_Pins,4,10.0,40.0,420.0
172,2026-03-15,Eyeliner,4,95.0,380.0,420.0
173,2026-03-15,Nail_Polish,1,45.0,45.0,165.0
173,2026-03-15,Nail_Polish,3,40.0,120.0,165.0
174,2026-03-16,Hair_Pins,3,30.0,90.0,90.0
175,2026-03-16,Sindoor,1,30.0,30.0,650.0
175,2026-03-16,Earrings,4,155.0,620.0,650.0
176,2026-03-16,Lipstick,1,100.0,100.0,600.0
176,2026-03-16,Lipstick,4,80.0,320.0,600.0
176,2026-03-16,Comb,3,60.0,180.0,600.0
177,2026-03-18,Bindi_Packets,1,10.0,10.0,10.0
178,2026-03-19,Hair_Bands,3,25.0,75.0,145.0
178,2026-03-19,Bangles,1,70.0,70.0,145.0
179,2026-03-20,Comb,3,60.0,180.0,320.0
179,2026-03-20,Kajal,2,70.0,140.0,320.0
180,2026-03-20,Hair_Pins,4,15.0,60.0,150.0
180,2026-03-20,Finger_Ring,2,45.0,90.0,150.0
181,2026-03-20,Lipstick,1,95.0,95.0,115.0
181,2026-03-20,Safety_Pins,1,20.0,20.0,115.0
182,2026-03-22,Razor,1,100.0,100.0,115.0
182,2026-03-22,Bindi_Packets,1,15.0,15.0,115.0
183,2026-03-24,Bangles,1,110.0,110.0,110.0
184,2026-03-24,Comb,4,20.0,80.0,595.0
184,2026-03-24,Necklace,1,475.0,475.0,595.0
184,2026-03-24,Sindoor,1,40.0,40.0,595.0
185,2026-03-25,Finger_Ring,4,45.0,180.0,190.0
185,2026-03-25,Hair_Pins,1,10.0,10.0,190.0
186,2026-03-25,Nail_Polish,3,55.0,165.0,335.0
186,2026-03-25,Razor,1,100.0,100.0,335.0
186,2026-03-25,Hair_Clips,1,70.0,70.0,335.0
187,2026-03-25,Hair_Bands,1,30.0,30.0,30.0
188,2026-03-25,Hair_Bands,3,25.0,75.0,155.0
188,2026-03-25,Finger_Ring,2,40.0,80.0,155.0
189,2026-03-26,Eyeliner,4,85.0,340.0,350.0
189,2026-03-26,Hair_Pins,1,10.0,10.0,350.0
190,2026-03-27,Bindi_Packets,3,15.0,45.0,45.0
191,2026-03-27,Bindi_Packets,1,15.0,15.0,440.0
191,2026-03-27,Lipstick,4,100.0,400.0,440.0
191,2026-03-27,Safety_Pins,1,25.0,25.0,440.0
192,2026-03-28,Kajal,3,70.0,210.0,450.0
192,2026-03-28,Earrings,2,120.0,240.0,450.0
193,2026-03-28,Hair_Bands,1,25.0,25.0,75.0
193,2026-03-28,Pocket_Mirror,1,50.0,50.0,75.0
194,2026-03-28,Necklace,2,475.0,950.0,1350.0
194,2026-03-28,Eyeliner,4,100.0,400.0,1350.0
195,2026-03-29,Leggings,1,185.0,185.0,665.0
195,2026-03-29,Earrings,2,240.0,480.0,665.0
196,2026-03-29,Earrings_,1,170.0,170.0,345.0
196,2026-03-29,Leggings,1,175.0,175.0,345.0
197,2026-03-29,Earrings,1,50.0,50.0,50.0
198,2026-03-30,Bindi_Packets,3,10.0,30.0,900.0
198,2026-03-30,Eyeliner,1,95.0,95.0,900.0
198,2026-03-30,Kids_dress,1,775.0,775.0,900.0
199,2026-03-30,Hair_Pins,1,10.0,10.0,340.0
199,2026-03-30,Hair_Clips,1,70.0,70.0,340.0
199,2026-03-30,Earrings,1,240.0,240.0,340.0
199,2026-03-30,Safety_Pins,1,20.0,20.0,340.0
200,2026-03-30,Plazo_Patiala_Pant,2,300.0,600.0,690.0
200,2026-03-30,Bangles,1,90.0,90.0,690.0
